source_id,source_name,source_category,tier,country,region,language,platform,selection_reason,audience_evidence,influence_evidence,yemen_coverage,institutional_importance,yemen_political_alignment,sub_alignment,regional_alignment,domestic_political_orientation,influence_score,influence_components,reliability_score,classification_confidence,classification_evidence,evidence_urls,assessment_date,collected_feeds,accounts,active
saudi-mofa,Ministry of Foreign Affairs of Saudi Arabia,OFFICIAL_GOVERNMENT,B,SA,gulf,"ar,en",website,Foreign-policy voice of the state that leads the Coalition to Restore Legitimacy in Yemen and is the main external backer of the PLC government; a direct party to the renewed Saudi-Houthi hostilities of July-September 2026.,,"regional_importance=high; cited_by_other_media=high; historical_importance=high; Its Yemen statements are quoted by Saudi, Yemeni and international media and answered by the Yemeni government (for example the 20 July 2026 statement rejecting Houthi blockade accusations, welcomed by Yemen's MOFA on 21 July 2026).; https://english.ajel.sa/saudi-arabia/j2s9nkcdd; https://www.mofa-ye.org/Pages/38003/",weekly Issues Yemen statements and readouts of calls with Yemeni and foreign officials regularly; Yemen statements in July 2026 during the collapse of the truce.,"high Saudi Arabia leads the coalition supporting the PLC government, hosts the PLC and the Yemeni government in Riyadh, and is the counterpart of the Houthis in the Saudi-Houthi track; Minister Faisal bin Farhan in office since October 2019.",not_applicable,,saudi,state_aligned,,"yemen_coverage=15; not_scored=['regional_importance', 'historical_importance']; cited_by_other_media=10; indicators=2; reason=no citable audience figure",not assessed,0.99,It is the Saudi government's own foreign ministry.,https://www.mofa.gov.sa/ https://en.wikipedia.org/wiki/Ministry_of_Foreign_Affairs_(Saudi_Arabia),2026-10-04,,x:KSAmofa x:KSAmofaEN,False
saudi-embassy-yemen,Embassy of the Kingdom of Saudi Arabia to the Republic of Yemen,DIPLOMATIC_MISSION,B,SA,gulf,ar,website,"The embassy headed by Ambassador Mohammed Al Jaber is the main channel of Saudi political engagement with Yemeni parties (PLC, government, STC, tribes) and of the ambassador's frequent public meetings.",,"regional_importance=high; cited_by_other_media=medium; historical_importance=high; The ambassador's meetings with UN, US, Swedish and Yemeni officials are routinely reported by Saudi and Yemeni media.; https://english.aawsat.com/gulf/5260775-saudi-ambassador-yemen-meets-un-special-envoy; https://english.ajel.sa/news/saudi-arabias-ambassador-meets-swedish-envoy-for-yemen",weekly The mission exists solely for Yemen; its ambassador's meetings are reported most weeks.,high Saudi Arabia's resident mission for Yemen (offices listed in Sanaa and Aden on its site; the embassy moved from Sanaa to Aden in 2015 and works largely from Riyadh). Its head also supervises SDRPY.,not_applicable,,saudi,state_aligned,,"yemen_coverage=15; not_scored=['regional_importance', 'historical_importance']; cited_by_other_media=5; indicators=2; reason=no citable audience figure",not assessed,0.99,It is Saudi Arabia's own diplomatic mission to Yemen.,https://ye.saudiembassy.sa/ https://en.wikipedia.org/wiki/List_of_ambassadors_of_Saudi_Arabia_to_Yemen,2026-10-04,,x:KSAembassyYE,False
sdrpy,Saudi Development and Reconstruction Program for Yemen (SDRPY),OFFICIAL_GOVERNMENT,B,SA,gulf,"ar,en",website,"Saudi state program created by royal decree in 2018 that channels Saudi development money, fuel grants and deposits into Yemen; its announcements are a main vehicle of Saudi economic messaging on Yemen.",,regional_importance=medium; cited_by_other_media=medium; historical_importance=medium; Its project launches and fuel grants are reported by Saudi and Yemeni media (for example USD 150 million in petroleum support in Q2 2026; SAR 1.9 billion of projects launched in 2026).; https://alriyadhdaily.com/article/78a4048e25c043db99ddaa60275b20ad; https://www.arabnews.pk/node/2651776/middle-east,weekly All of its output concerns Yemen.,"high Established by royal decree in 2018, supervised by the Saudi ambassador to Yemen; works in 14 Yemeni governorates with over 300 projects; main funder of fuel for power stations in government-held areas.",not_applicable,,saudi,state_aligned,,"yemen_coverage=15; not_scored=['regional_importance', 'historical_importance']; cited_by_other_media=5; indicators=2; reason=no citable audience figure",not assessed,0.98,"A Saudi government program created by royal decree, on a .gov.sa domain.",https://en.wikipedia.org/wiki/Saudi_Development_and_Reconstruction_Program_for_Yemen https://saudipedia.com/%D8%A7%D9%84%D8%A8%D8%B1%D9%86%D8%A7%D9%85%D8%AC-%D8%A7%D9%84%D8%B3%D8%B9%D9%88%D8%AF%D9%8A-%D9%84%D8%AA%D9%86%D9%85%D9%8A%D8%A9-%D9%88%D8%A5%D8%B9%D9%85%D8%A7%D8%B1-%D8%A7%D9%84%D9%8A%D9%85%D9%86,2026-10-04,,,False
ksrelief,King Salman Humanitarian Aid and Relief Centre (KSrelief),OFFICIAL_GOVERNMENT,B,SA,gulf,"ar,en",website,"Saudi Arabia's state humanitarian agency; Yemen is its largest country programme (38 projects and about USD 107 million, about 54 percent of its 2026 spending).",x_followers=126234 (2021-11) https://www.speakrj.com/audit/report/KSRelief/twitter,regional_importance=medium; cited_by_other_media=medium; historical_importance=medium; Its Yemen distributions and projects are reported daily by SPA and Saudi media.; https://english.ajel.sa/news/ksrelief-distributes-12k-sleeping-bags-in-yemen; https://www.arabnews.pk/node/2639518/saudi-arabia,weekly Yemen is its largest programme in 2026 (38 projects); Yemen distribution and project reports appear several times a week in SPA and Saudi media.,medium Main Saudi humanitarian channel into Yemen and part of Saudi soft-power messaging on the war.,not_applicable,,saudi,state_aligned,41.0,"reach=21.0; yemen_coverage=15; not_scored=['regional_importance', 'historical_importance']; cited_by_other_media=5; indicators=3",not assessed,0.97,A Saudi government centre named for and established by the King.,https://www.ksrelief.org/en/Statistics/YearDetails/2026,2026-10-04,,x:KSRelief_EN x:KSRelief youtube:UC2NqaSOEk6SAmTt4kqnA7Vw facebook:ksrelief.org instagram:ksrelief,False
coalition-joint-forces-command,Joint Forces Command of the Coalition to Restore Legitimacy in Yemen,OFFICIAL_GOVERNMENT,B,SA,gulf,"ar,en",wire,"Military command of the Saudi-led coalition; its official spokesperson announces strikes, interceptions and warnings, and it is a direct party to the July-September 2026 Saudi-Houthi hostilities.",,"regional_importance=high; cited_by_other_media=high; historical_importance=high; Statements by the coalition spokesperson (Maj. Gen. Turki al-Maliki) are carried by SPA, QNA, AP and others, e.g. the 4 July 2026 warning of an ""unprecedented"" response, the 8 September 2026 statement on attacks on southern Saudi cities and the 24 September 2026 statement.; https://www.gulf-times.com/article/728598/qatar/coalition-to-restore-legitimacy-in-yemen-vows-unprecedented-response-to-any-attempt-to-target-saudi-arabia; https://english.aawsat.com/node/5291920; https://ny1.com/nyc/all-boroughs/ap-top-news/2026/09/08/houthi-attacks-on-saudi-arabia-wound-73-people-officials-say; https://tribune.com.pk/story/2631200/saudi-arabia-reports-fresh-houthi-attacks-issues-warning-for-makkah",weekly Since the truce collapsed in July 2026 the coalition has issued statements on Houthi attacks and its operations several times a month; all of its output concerns Yemen.,"high The coalition's military command; in December 2025 its spokesperson's statement on the Mukalla strike triggered the UAE's public rebuttal and withdrawal, and in 2026 it announces Saudi military action in Yemen.",not_applicable,,saudi,state_aligned,,"yemen_coverage=15; not_scored=['regional_importance', 'historical_importance']; cited_by_other_media=10; indicators=2; reason=no citable audience figure",not assessed,0.95,A Saudi-led military command whose statements are issued through the Saudi Press Agency; the UAE left the coalition's Yemen operations in December 2025.,https://www.gulf-times.com/article/728598/qatar/coalition-to-restore-legitimacy-in-yemen-vows-unprecedented-response-to-any-attempt-to-target-saudi-arabia https://www.mofa.gov.ae/en/mediahub/news/2025/12/30/uae-saudi-arabia,2026-10-04,,,False
uae-mofa,Ministry of Foreign Affairs of the United Arab Emirates,OFFICIAL_GOVERNMENT,B,AE,gulf,"ar,en",website,"Foreign ministry of the coalition's second military power in Yemen from 2015 until its withdrawal on 30 December 2025; its December 2025 statements disputing Saudi accusations over Mukalla marked the open Saudi-Emirati split over southern Yemen, and it still issues Yemen statements in 2026.",,"regional_importance=high; cited_by_other_media=high; historical_importance=high; Its 30 December 2025 statement on Yemen was reported worldwide (The National, Khaleej Times, Long War Journal); 2026 statements condemn Houthi attacks on Saudi Arabia (Najran, 7 August 2026).; https://www.mofa.gov.ae/en/mediahub/news/2025/12/30/uae-saudi-arabia; https://www.thenationalnews.com/news/gulf/2026/01/05/uae-saudi-arabia-yemen/; https://www.khaleejtimes.com/uae/uae-mofa-statement-yemen","monthly Yemen statements in December 2025 (prisoner exchange, Mukalla, withdrawal) and in July-September 2026 (condemnations of Houthi attacks on Saudi Arabia).",high The UAE withdrew its remaining counter-terrorism personnel from Yemen on 30 December 2025 after a Saudi strike on vehicles at Mukalla; it keeps humanitarian and development programmes (over USD 8 billion since 2015 by its own count) and remains a key external actor for southern Yemeni forces.,not_applicable,,uae,state_aligned,,"yemen_coverage=8; not_scored=['regional_importance', 'historical_importance']; cited_by_other_media=10; indicators=2; reason=no citable audience figure",not assessed,0.99,It is the UAE government's own foreign ministry.,https://www.mofa.gov.ae/en/mediahub/news/2025/12/30/uae-saudi-arabia,2026-10-04,,x:MOFAUAE youtube:UCaLi43UPoOiV7t3w17uQsxA facebook:Mofauae instagram:mofauae,False
oman-mofa,Ministry of Foreign Affairs of the Sultanate of Oman,OFFICIAL_GOVERNMENT,B,OM,gulf,"ar,en",website,"Oman is the principal mediator between the Houthis, Saudi Arabia, the US and the UN; Muscat hosts the Houthi negotiating delegation and Yemen-related talks.",,regional_importance=high; cited_by_other_media=medium; historical_importance=high; Its ministry readouts of meetings with the UN and US envoys for Yemen and its Yemen statements are quoted by Gulf and international media.; https://www.fm.gov.om/en/12796/; https://www.omanobserver.om/article/1109186/oman/foreign-minister-receives-us-special-envoy-for-yemen,"monthly Ministry posts on Yemen in 2026 include ""Oman condemns missile threats against Saudi Arabia"" (14 July 2026), ""Oman stresses need to avoid escalation in Red Sea"" (23 July 2026) and ""Riyadh - Oman in meeting about political process in Yemen"" (10 August 2026).","high Foreign Minister Sayyid Badr Albusaidi's ministry runs the Muscat channel used for Saudi-Houthi, US-Houthi and prisoner-exchange talks.",not_applicable,,oman,state_aligned,,"yemen_coverage=8; not_scored=['regional_importance', 'historical_importance']; cited_by_other_media=5; indicators=2; reason=no citable audience figure",not assessed,0.99,It is the Omani government's own foreign ministry.,https://www.fm.gov.om/en/,2026-10-04,rss,x:FMofOman instagram:fmofoman,True
us-state-department,United States Department of State (Bureau of Near Eastern Affairs and Office of the Spokesperson),OFFICIAL_GOVERNMENT,B,US,north_america,"en,ar",website,"US foreign-policy voice on Yemen (Houthi terrorist designations and sanctions, Red Sea security, support to the PLC government, contacts with Saudi Arabia, Oman and the UAE).",youtube_subscribers=444000 (2025-05-11) https://www.wikidata.org/wiki/Q789915,"regional_importance=high; cited_by_other_media=high; historical_importance=high; State Department statements on Yemen are quoted by Arab and international media; in January 2026 the Secretary of State called the UAE foreign minister over the Saudi-UAE crisis in Yemen, and in September 2026 the department warned that the Saudi-Houthi conflict could escalate rapidly.; https://www.thenationalnews.com/news/gulf/2026/01/05/uae-saudi-arabia-yemen/; https://www.kurdistan24.net/en/story/940713","monthly Yemen appears in department statements, readouts and travel warnings several times in 2026; Yemen-specific statements were not counted directly because state.gov returned HTTP 403 to fetches.","high The US leads Western policy on the Houthis (Foreign Terrorist Organization designation, sanctions, naval posture). The post of Special Envoy for Yemen has been vacant since 20 January 2025, so Yemen policy statements come from the department, the White House and the Mission to Yemen.",not_applicable,,us,state_aligned,44.5,"reach=26.5; yemen_coverage=8; not_scored=['regional_importance', 'historical_importance']; cited_by_other_media=10; indicators=3",not assessed,0.99,It is the US government's own foreign ministry.,https://www.state.gov/u-s-relations-with-yemen/,2026-10-04,,x:StateDept,False
us-embassy-yemen,"U.S. Mission to Yemen (U.S. Embassy Sanaa, operating from Riyadh)",DIPLOMATIC_MISSION,B,US,north_america,"en,ar",website,The US diplomatic mission dedicated to Yemen; its statements and the head of mission's meetings with the PLC and government express US policy toward the Yemeni parties.,,regional_importance=medium; cited_by_other_media=medium; historical_importance=medium; Its heads of mission's meetings and statements are reported by Yemeni government outlets and regional media.; https://presidentalalimi.net/en/news742.html; https://www.arabnews.com/node/2529751/amp,monthly All output concerns Yemen; website posts in 2026 include the arrival of Chargé d'Affaires Neil Hop (5 August 2026) and a health alert (31 August 2026).,high Embassy Sanaa suspended operations in February 2015; the Yemen Affairs Unit works from the US Embassy in Riyadh. Ambassador Steven Fagin's term ended on 3 July 2026; Neil Hop has been Chargé d'Affaires since 5 August 2026.,not_applicable,,us,state_aligned,,"yemen_coverage=8; not_scored=['regional_importance', 'historical_importance']; cited_by_other_media=5; indicators=2; reason=no citable audience figure",not assessed,0.99,It is the US government's own diplomatic mission to Yemen.,https://ye.usembassy.gov/neil-hop-arrives-as-charge-daffaires-for-the-u-s-mission-to-yemen/ https://www.state.gov/u-s-relations-with-yemen/,2026-10-04,,x:USEmbassyYemen facebook:USEmbassyYemen instagram:usembassyyemen youtube:USEmbassyYemen,False
us-centcom,United States Central Command (CENTCOM),OFFICIAL_GOVERNMENT,B,US,north_america,"en,ar",website,US combatant command that ran the 2024-2025 strike campaigns against the Houthis (including Operation Rough Rider from 15 March 2025) and reports interdictions of weapons bound for the Houthis.,,"regional_importance=high; cited_by_other_media=high; historical_importance=high; Its strike announcements and target counts (e.g. ""over 800 targets"" by April 2025) were widely reported.; https://www.centcom.mil/MEDIA/STATEMENTS/Statements-View/Article/4121382/centcom-forces-launch-large-scale-operation-against-iran-backed-houthis-in-yemen/; https://www.shafaq.com/en/World/CENTCOM-Over-800-Houthi-targets-hit-since-March-in-Yemen","occasional Yemen statements were frequent in 2024-2025 (strikes, Ras Isa port, interdictions by Yemeni partners on 14 August 2025); the statements list checked on 2026-10-04 showed no Yemen item in 2026, when its releases centred on Iran operations, and in September 2026 the US President said the Houthis had agreed not to attack US forces.",high The US military authority for Yemen and the Red Sea; any renewed US action against the Houthis would be announced by it.,not_applicable,,us,state_aligned,,"yemen_coverage=0; not_scored=['regional_importance', 'historical_importance']; cited_by_other_media=10; indicators=2; reason=no citable audience figure",not assessed,0.99,It is a US Department of Defense combatant command.,https://www.centcom.mil/,2026-10-04,,x:CENTCOM x:CENTCOMArabic facebook:CENTCOM facebook:CENTCOMArabic instagram:USCENTCOM,False
us-mission-un,United States Mission to the United Nations (USUN),DIPLOMATIC_MISSION,B,US,north_america,en,website,"US statements at the monthly Security Council meetings on Yemen and on the 2140 sanctions regime, the Hodeidah mission (UNMHA) and Red Sea resolutions.",,regional_importance=medium; cited_by_other_media=medium; historical_importance=medium; US Council remarks on Yemen are cited by UN and regional media; on 1 October 2026 USUN criticised Russia and China for obstructing expert appointments for the Yemen sanctions panel.; https://usun.usmission.gov/remarks-at-a-un-general-assembly-meeting-on-russias-and-chinas-use-of-veto-of-a-un-security-council-resolution-on-iran-sanctions/,monthly The Security Council meets on Yemen monthly and the US is a permanent member; 2026 Yemen-specific USUN remarks were not individually verified (the site search returned unfiltered results).,medium Permanent Security Council member's mission; shapes Yemen sanctions and mandate renewals.,not_applicable,,us,state_aligned,,"yemen_coverage=8; not_scored=['regional_importance', 'historical_importance']; cited_by_other_media=5; indicators=2; reason=no citable audience figure",not assessed,0.99,It is the US government's own mission to the UN.,https://usun.usmission.gov/,2026-10-04,,x:USUN facebook:USattheUN instagram:usun,False
iran-mfa,Ministry of Foreign Affairs of the Islamic Republic of Iran (including the Spokesperson's office),OFFICIAL_GOVERNMENT,B,IR,iran,"fa,ar,en",website,Foreign ministry of the Houthis' main external backer and the only state that treats the Sanaa authorities as Yemen's government; its spokesperson answers on Yemen in the weekly press briefing and rebuts US and Saudi accusations of Iranian involvement.,,"regional_importance=high; cited_by_other_media=high; historical_importance=high; The spokesperson's 10 September 2026 rejection of the US Secretary of State's description of the Houthis as Iranian proxies (""an independent Yemeni actor"") was reported by Indian and Lebanese outlets; the UN ambassador's 15 July 2026 rebuttal of US claims on Yemen was carried by IRNA.; https://www.republicworld.com/world-news/baghaei-slams-rubio-for-calling-houthi-iran-s-proxy-calls-group-independent-yemeni-actor-2026-09-10-136684; https://live.libnanews.com/event/ev-1788995359945-45aa","monthly Yemen comes up in the spokesperson's briefings when Yemen is in the news (Saudi-Houthi hostilities, US statements on Houthis); not a daily topic for a ministry focused on the US, Israel and the nuclear file.","high Iran is the principal external supporter of the Houthis in the view of the US, Saudi Arabia and the Yemeni government (which Iran denies); it has an ambassador in Sanaa and Mahan Air began Tehran-Sanaa flights in June 2026.",not_applicable,,iran_axis,state_aligned,,"yemen_coverage=8; not_scored=['regional_importance', 'historical_importance']; cited_by_other_media=10; indicators=2; reason=no citable audience figure",not assessed,0.99,"It is the Iranian government's own foreign ministry, whose official position backs the Sanaa authorities.",https://en.mfa.gov.ir/portal https://en.wikipedia.org/wiki/Iran%E2%80%93Yemen_relations,2026-10-04,,x:IRIMFA_EN x:IRIMFA_AR x:IRIMFA,False
uk-fcdo,"Foreign, Commonwealth & Development Office (FCDO), United Kingdom",OFFICIAL_GOVERNMENT,B,GB,europe,"en,ar",website,"UK foreign ministry; the UK is the penholder on Yemen at the UN Security Council and issues regular statements on the Houthis, the Red Sea and humanitarian aid; in September 2026 it condemned the Houthi resumption of conflict and offered Saudi Arabia aerial refuelling.",youtube_subscribers=28000 (2025-05-31) https://www.wikidata.org/wiki/Q358834,"regional_importance=high; cited_by_other_media=high; historical_importance=high; FCDO statements on Yemen are reproduced by Saudi, Yemeni and international media (10 September 2026 statement on the Houthi restart of the conflict; 21 September 2026 announcement of RAF refuelling support to Saudi defensive missions).; https://www.gov.uk/government/news/fcdo-statement-on-the-situation-in-yemen-10-september; https://www.cp24.com/news/world/2026/09/21/uk-to-offer-saudi-arabia-aerial-refueling-to-counter-houthi-attacks/","monthly UK government Yemen news page lists FCDO statements on 21 July 2026 (Houthi threats against Saudi Arabia) and 10 September 2026, plus Security Council statements on 14 April and 13 July 2026.","high Penholder on Yemen at the Security Council (Security Council Report, June 2026); UK forces took part in strikes on the Houthis with the US in 2024; the British Embassy in Sana'a has been suspended since 2015 and works from Riyadh and Amman.",not_applicable,,uk,state_aligned,32.5,"reach=14.5; yemen_coverage=8; not_scored=['regional_importance', 'historical_importance']; cited_by_other_media=10; indicators=3",not assessed,0.99,It is the UK government's own foreign ministry.,https://www.gov.uk/government/organisations/foreign-commonwealth-development-office https://www.securitycouncilreport.org/monthly-forecast/2026-06/yemen-89.php,2026-10-04,atom,x:FCDOGovUK youtube:ukforeignoffice instagram:ForeignAndDevelopmentOffice,True
british-embassy-yemen,"British Embassy Sana'a (UK Mission to Yemen, operating from Riyadh and Amman)",DIPLOMATIC_MISSION,B,GB,europe,"en,ar",website,The UK diplomatic mission dedicated to Yemen; carries British messaging to the PLC government and Yemeni parties and publishes the UK Yemen news page.,,regional_importance=medium; cited_by_other_media=medium; historical_importance=medium; Meetings of the British ambassador with Yemeni ministers are reported by Yemeni government media (for example the foreign minister's meeting on 1 July 2024; no 2026 example was checked).; https://www.mofa-ye.org/Pages/28226/,"monthly All output concerns Yemen; the UK government Yemen news page shows items on 14 April, 13 July, 21 July and 10 September 2026.",medium Embassy operations in Sana'a were suspended on 11 February 2015; the ambassador and team are based in Riyadh and Amman. The UK is penholder on Yemen at the Security Council.,not_applicable,,uk,state_aligned,,"yemen_coverage=8; not_scored=['regional_importance', 'historical_importance']; cited_by_other_media=5; indicators=2; reason=no citable audience figure",not assessed,0.99,It is the UK government's own diplomatic mission to Yemen.,https://www.gov.uk/world/organisations/british-embassy-sana-a,2026-10-04,,x:ukinyemen facebook:ukinyemen instagram:britishembassyyemen,False
uk-mission-un,UK Mission to the United Nations (New York),DIPLOMATIC_MISSION,B,GB,europe,en,website,"Delivers the UK's monthly statements at Security Council meetings on Yemen; the UK is the penholder on Yemen, drafting Council resolutions and press statements.",,regional_importance=high; cited_by_other_media=medium; historical_importance=high; UK Council statements on Yemen are published on gov.uk and cited by UN-focused and Yemeni media (for example 14 January 2026 on southern disunity and Houthi detentions; 13 July 2026 condemning Houthi attacks on Saudi Arabia).; https://www.globalsecurity.org/military/library/news/2026/01/mil-260114-ukfcdo02.htm; https://www.gov.uk/world/yemen/news,monthly The Council meets on Yemen monthly and the UK speaks at each meeting as penholder.,"high Penholder on Yemen at the Security Council (Security Council Report, June 2026), so its texts shape sanctions, UNMHA and other mandates.",not_applicable,,uk,state_aligned,,"yemen_coverage=8; not_scored=['regional_importance', 'historical_importance']; cited_by_other_media=5; indicators=2; reason=no citable audience figure",not assessed,0.99,It is the UK government's own mission to the UN.,https://www.gov.uk/world/organisations/uk-mission-to-un-in-new-york,2026-10-04,,x:UKUN_NewYork instagram:ukun,False
qatar-mofa,Ministry of Foreign Affairs of the State of Qatar,OFFICIAL_GOVERNMENT,B,QA,gulf,"ar,en",website,"Gulf state outside the Saudi-led coalition since 2017 whose foreign ministry issues recurring statements on Yemen (prisoner-exchange welcomes, the southern issue, the Houthi-Saudi escalation) and whose positions are echoed by Qatar-based media.",,regional_importance=medium; cited_by_other_media=medium; historical_importance=medium; Its statements are carried by QNA and the Peninsula (3 January 2026 welcome of the PLC chairman's Riyadh conference call on the southern issue; 21 July 2026 condemnation of Houthi remarks accusing Saudi Arabia of besieging Yemenis).; https://mofa.gov.qa/en/latest-articles/statements/qatar-welcomes-efforts-by-the-legitimate-yemeni-government-to-support-dialogue-and-address-the-southern-issue; https://qna.org.qa/en/News-Area/News/2026-7/21/qatar-strongly-condemns-houthi-remarks-accusing-saudi-arabia-of-besieging-yemenis-and-imposing-maritime-embargo,"occasional Yemen statements seen in April 2023 and December 2025 (prisoner exchange), 3 January 2026 and 21 July 2026; no more frequent series was counted. Borderline for inclusion.","medium Qatar left the coalition in 2017, no longer has a military role in Yemen, and is not a mediator in the Houthi tracks (that is Oman); kept for state-level coverage of the Gulf and because of its media influence.",not_applicable,,qatar,state_aligned,,"yemen_coverage=0; not_scored=['regional_importance', 'historical_importance']; cited_by_other_media=5; indicators=2; reason=no citable audience figure",not assessed,0.99,It is the Qatari government's own foreign ministry.,https://mofa.gov.qa/en,2026-10-04,,x:MofaQatar_EN instagram:Mofa.Qatar youtube:UCmrI7PgmVvVERMp1TbvFBIQ,False
israel-idf,Israel Defense Forces (IDF Spokesperson's Unit),OFFICIAL_GOVERNMENT,B,IL,levant,"en,he,ar",website,"Israeli military that struck Houthi ports, power plants and leadership in Yemen in 2024-2025 (including the August 2025 strike that killed the Houthi prime minister, per press reports) and reports interceptions of Houthi missiles and drones; the Houthis are an active front for Israel.",youtube_subscribers=210000 (2025-02-09) https://www.wikidata.org/wiki/Q58967,regional_importance=high; cited_by_other_media=high; historical_importance=high; IDF strike announcements and interception statements are the main source for Israeli action on Yemen in Arab and international media (e.g. its 28 March 2026 statement that it intercepted a missile fired from Yemen).; https://news.cgtn.com/news/2026-03-28/news-1LSD1llVMeQ/share_amp.html; https://www.israelhayom.com/2025/09/16/idf-launches-new-operation-in-yemen; https://bdnews24.com/world/6812c1b39124,"occasional Weekly in 2025 during the exchange of strikes; in 2026 Yemen items appear around the Iran war (Houthi launch at Israel on 28 March 2026, the first since the US-Israeli strikes on Iran of 28 February) and in Israeli preparations reported on 13 September 2026; no IDF Yemen post was seen on its Telegram channel in late September 2026.",high Israel is a direct belligerent against the Houthis and the target of their missile fire; Israeli action could resume at any time and is announced by the IDF or the Defence Minister.,not_applicable,,israel,state_aligned,33.2,"reach=23.2; yemen_coverage=0; not_scored=['regional_importance', 'historical_importance']; cited_by_other_media=10; indicators=3",not assessed,0.95,It is the Israeli state's own military.,https://www.idf.il/en/,2026-10-04,telegram_public,x:idf telegram:idfofficial youtube:IsraelDefenseForces facebook:idfonline instagram:idf tiktok:idf,True
eu-delegation-yemen,Delegation of the European Union to Yemen,DIPLOMATIC_MISSION,B,JO,europe,"en,ar",website,"The EU's resident diplomatic mission for Yemen and the channel for EU statements, humanitarian and stabilisation funding and meetings with the PLC government and local authorities; the EU is one of the largest donors to Yemen.",,regional_importance=medium; cited_by_other_media=medium; historical_importance=medium; The delegation's meetings with Yemeni officials (including a week-long visit to Taiz by the head of delegation) and its funding calls are reported on its own pages and by Yemeni government media; no third-party count was made.; https://www.eeas.europa.eu/delegations/yemen_en,"weekly All of its output concerns Yemen; the delegation page lists several 2026 items (a Europe Day event in Aden attended by the Yemeni prime minister and foreign minister, the head of delegation's visit to Taiz, and a call for proposals on women's economic empowerment). Posting frequency on X was not measured, so weekly is an estimate.","medium The delegation is based in Amman, not in Yemen; it speaks for the EU and its member states' joint positions and funding, alongside the EU Special Representative and EU naval operation Aspides in the Red Sea (both outside this record).",not_applicable,,eu,state_aligned,,"yemen_coverage=15; not_scored=['regional_importance', 'historical_importance']; cited_by_other_media=5; indicators=2; reason=no citable audience figure",not assessed,0.99,It is an official diplomatic mission of the European Union (European External Action Service).,https://www.eeas.europa.eu/delegations/yemen_en,2026-10-04,,x:euinyemen facebook:EUinYemen instagram:euinyemen,False
russia-mission-un,Permanent Mission of the Russian Federation to the United Nations,DIPLOMATIC_MISSION,B,RU,russia,"ru,en",website,"Russia is a permanent Security Council member that opposes expanding Yemen sanctions on the Houthis and speaks at the Council's Yemen meetings, giving the Russian position on the Houthis, the sanctions regime and the Red Sea.",youtube_subscribers=5680 (2025-07-14) https://www.wikidata.org/wiki/Q56326903,"regional_importance=medium; cited_by_other_media=low; historical_importance=medium; Security Council Report (June 2026) records Council divisions on Yemen, with China and Russia opposing expanded sanctions on the Houthis while France, the UK and the US press for more pressure. No third-party count of media citations of the mission's Yemen remarks was made.; https://www.securitycouncilreport.org/monthly-forecast/2026-06/yemen-89.php","occasional The mission's home page fetched on 2026-10-04 showed statements on other Middle East files, peacekeeping and artificial intelligence and no Yemen item; Yemen appears only when the Council meets on Yemen (monthly in 2026, with emergency meetings on 10 July and 10 September 2026 per Security Council Report), and Russian Yemen remarks in 2026 were not individually checked.","medium Russia holds a Council veto on Yemen mandates, sanctions and Red Sea texts; its mission is the main public channel for the Russian position on Yemen in the absence of a Russian embassy voice evidenced in this research.",not_applicable,,russia,state_aligned,7.5,"reach=7.5; yemen_coverage=0; not_scored=['regional_importance', 'historical_importance']; cited_by_other_media=0; indicators=3",not assessed,0.99,It is the Russian government's own mission to the UN.,https://russiaun.ru/en,2026-10-04,telegram_public,x:RussiaUN telegram:russiaun facebook:RussiaUN youtube:RUSUNPRESS,True
ukmto,UK Maritime Trade Operations (UKMTO),OFFICIAL_GOVERNMENT,B,GB,europe,en,website,"The UK maritime security information centre whose incident reports and warnings are the main public source for Houthi attacks and suspicious approaches on shipping in the Red Sea, Bab al-Mandab and Gulf of Aden; media routinely quote it for incidents off Yemen.",,"regional_importance=high; cited_by_other_media=high; historical_importance=high; Wire and regional media quote UKMTO for ship incidents off Hodeidah and the Red Sea (reports in July 2026), and a UKMTO report of 31 August 2026 counted seven Red Sea attacks on shipping and six deaths since the Houthi maritime blockade announced on 22 July 2026.; https://english.ahram.org.eg/News/575588.aspx; https://newsonair.gov.in/british-military-says-attack-on-cargo-ship-in-red-sea-off-coast-of-yemen/; https://english.aawsat.com/arab-world/4760176-ukmto-receives-report-ship-incident-near-yemens-hodeidah-port","weekly Incident notices for the Red Sea and Gulf of Aden recur through 2026, with a surge after the 22 July 2026 Houthi blockade announcement; the frequency is an estimate from press reports, and its incident list was not counted directly.",medium A UK government-linked maritime reporting centre (listed on the noonsite directory as a Royal Navy unit in Dubai) that shipping companies and naval forces rely on; it reports incidents rather than setting policy.,not_applicable,,uk,state_aligned,,"yemen_coverage=15; not_scored=['regional_importance', 'historical_importance']; cited_by_other_media=10; indicators=2; reason=no citable audience figure",not assessed,0.9,UKMTO is a UK Royal Navy-operated centre per the noonsite directory listing; its own homepage fetched on 2026-10-04 did not state its parent body.,https://www.noonsite.com/business/ukmto-uk-maritime-trade-organization-rn-dubai/ https://ukmto.org/,2026-10-04,,,False
osesgy,Office of the Special Envoy of the Secretary-General for Yemen (OSESGY),INTERNATIONAL_INSTITUTION,B,XX,global,"en,ar",website,The UN mediation office for Yemen; its statements and the Envoy's monthly Security Council briefings set the international framing of the peace process.,,regional_importance=high; cited_by_other_media=high; historical_importance=high; Envoy briefings are reported in UN meetings coverage and Security Council Report forecasts; UN News carries the Envoy's statements (for example the May 2026 detainee-release agreement).; https://www.securitycouncilreport.org/monthly-forecast/2026-04/yemen-88.php; https://news.un.org/en/story/2026/05/1167511; https://press.un.org/en/2026/sc16387.doc.htm,"weekly Publishes Envoy statements, meeting readouts and briefing transcripts several times a month (for example 21 April 2026 Military Coordination Committee meeting, 14 July 2026 Muscat visit).",high Mandated UN mediator between the Yemeni parties; Hans Grundberg was Special Envoy as of the July 2026 Muscat visit. Under resolution 2813 (2026) residual UNMHA functions transition to this office.,not_applicable,,not_applicable,intergovernmental,,"yemen_coverage=15; not_scored=['regional_importance', 'historical_importance']; cited_by_other_media=10; indicators=2; reason=no citable audience figure",not assessed,0.95,It is an office of the UN Secretariat headed by the Secretary-General's Special Envoy.,https://osesgy.unmissions.org/en/contact-us,2026-10-04,telegram_public,x:OSE_Yemen facebook:OSESGY telegram:OSESGY1 youtube:osesgycomms1496,True
un-security-council,"United Nations Security Council (Yemen file, incl. 2140 Sanctions Committee and Panel of Experts)",INTERNATIONAL_INSTITUTION,B,XX,global,"en,fr",website,"The Council's resolutions, press statements and monthly Yemen meetings are the legal and diplomatic frame of the conflict (resolution 2216, the 2140 sanctions regime, UNMHA).",,regional_importance=high; cited_by_other_media=high; historical_importance=high; Council decisions and press statements on Yemen are reported by UN News and international media; Security Council Report tracks each Yemen meeting.; https://www.securitycouncilreport.org/monthly-forecast/2026-04/yemen-88.php; https://www.globalsecurity.org/military/library/news/2025/11/mil-251114-unsc02.htm,"monthly Monthly Yemen briefing and consultations, plus press statements and emergency meetings in 2026 (press statement on escalation in Yemen and attacks against Saudi Arabia, press statement for the Houthi detentions anniversary of 6 June, resolution 2813 on UNMHA, 2140 Committee consideration of Panel of Experts ad hoc reports).",high Resolution 2801 (2025) renewed the 2140 targeted sanctions to 14 November 2026 and the Panel of Experts mandate to 15 December 2026 (renewal decisions due in late 2026); resolution 2813 (2026) closed UNMHA on 31 March 2026.,not_applicable,,not_applicable,intergovernmental,,"yemen_coverage=8; not_scored=['regional_importance', 'historical_importance']; cited_by_other_media=10; indicators=2; reason=no citable audience figure",not assessed,0.95,"UN Charter organ; its outputs are collective decisions of member states, with individual members' statements recorded in meetings coverage.",https://press.un.org/en/content/security-council/press-release,2026-10-04,,,False
un-news,UN News,INTERNATIONAL_INSTITUTION,B,XX,global,"en,ar,fr,es,ru,zh,pt,sw",website,"Official news service of the UN Secretariat; publishes the Secretary-General's, Envoy's and agencies' Yemen statements in eight languages, including Arabic.",,regional_importance=medium; cited_by_other_media=medium; historical_importance=medium; Primary public channel for UN system statements on Yemen; maintains a Yemen focus page.; https://news.un.org/en/focus/yemen; https://www.un.org/ar/node/89524,"weekly Yemen focus page carried stories dated 16, 21 and 24 September 2026 (displacement, the UN condemnation of an attempted Houthi strike on Riyadh, child hunger); further Yemen stories in January, February, May, June and September 2026.","medium Speaks for the UN Secretariat (Department of Global Communications) rather than for a decision-making body; it relays the positions of the Secretary-General, the Envoy, OCHA and agencies.",not_applicable,,not_applicable,intergovernmental,,"yemen_coverage=15; not_scored=['regional_importance', 'historical_importance']; cited_by_other_media=5; indicators=2; reason=no citable audience figure",not assessed,0.9,"UN-produced news outlet listed by the UN among its official news outlets, published in eight languages.",https://www.un.org/ar/node/89524,2026-10-04,rss,,True
un-ocha,"UN Office for the Coordination of Humanitarian Affairs (OCHA), Yemen",INTERNATIONAL_INSTITUTION,B,XX,global,"en,ar",website,"Coordinates the humanitarian response in Yemen and publishes the Humanitarian Needs and Response Plan, humanitarian updates and flash updates that set the figures other actors quote.",,"regional_importance=high; cited_by_other_media=high; historical_importance=high; OCHA figures (people in need, appeal size, displacement, civilian casualties) are routinely cited; in September 2026 OCHA statements covered hostilities in Yemen and strikes injuring civilians in Saudi Arabia.; https://www.developmentaid.org/news-stream/post/210638/ocha-highlights-humanitarian-crises-in-yemen-saudi-arabia-opt-and-drc; https://reliefweb.int/report/yemen/yemen-humanitarian-crisis-deepens-aid-agencies-appeal-us216-billion-assist-millions-2026-enar","weekly Yemen-specific outputs include the 2026 HNRP launch (18 March 2026; US$2.16 billion for 12 million of 22.3 million people in need), periodic humanitarian updates, and statements during the September 2026 escalation.",high UN humanitarian coordination body; supports the Humanitarian Coordinator and manages the Yemen Humanitarian Fund.,not_applicable,,not_applicable,intergovernmental,,"yemen_coverage=15; not_scored=['regional_importance', 'historical_importance']; cited_by_other_media=10; indicators=2; reason=no citable audience figure",not assessed,0.95,Part of the UN Secretariat.,https://reliefweb.int/report/yemen/yemen-humanitarian-crisis-deepens-aid-agencies-appeal-us216-billion-assist-millions-2026-enar,2026-10-04,,x:unocha,False
reliefweb,ReliefWeb (Yemen updates),INTERNATIONAL_INSTITUTION,B,XX,global,"en,ar,fr",website,"OCHA's information service and the main public repository of humanitarian reports on Yemen from UN agencies, NGOs and authorities.",,"regional_importance=medium; cited_by_other_media=medium; historical_importance=high; Hosts the reports of OCHA, IOM DTM, WFP, UNICEF and NGO coalitions that other sources cite; it is a publisher of record, not an author.; https://reliefweb.int/report/yemen/yemen-rapid-displacement-tracking-update-1-7-march-2026; https://live.libnanews.com/event/ev-1775137493967-e3e9","weekly New Yemen documents appear at least weekly (for example IOM DTM weekly rapid displacement updates, the 2026 HNRP, and an April 2026 joint INGO statement on the funding collapse).","medium Run by UN OCHA; carries official documents of many institutions, so each item must be attributed to its original source organisation (the API returns the source field).",not_applicable,,not_applicable,intergovernmental,,"yemen_coverage=15; not_scored=['regional_importance', 'historical_importance']; cited_by_other_media=5; indicators=2; reason=no citable audience figure",not assessed,0.85,"Service provided by UN OCHA (site tagline ""a service provided by UN OCHA""); content comes from many organisations, so the label describes the platform, not each document.",https://reliefweb.int/report/yemen/yemen-humanitarian-crisis-deepens-aid-agencies-appeal-us216-billion-assist-millions-2026-enar,2026-10-04,,x:reliefweb,False
un-yemen-rchc,United Nations in Yemen (Office of the Resident and Humanitarian Coordinator),INTERNATIONAL_INSTITUTION,B,XX,global,"en,ar",website,"Voice of the UN country team in Yemen; the Resident and Humanitarian Coordinator speaks for the UN system on access, detained UN staff and the humanitarian plan.",,regional_importance=medium; cited_by_other_media=medium; historical_importance=medium; RC/HC statements and meetings with Yemeni authorities are published on yemen.un.org.; https://yemen.un.org/en/node/310212,"monthly Press releases and statements on yemen.un.org, for example the 17 February 2026 meeting of RC/HC Julien Harneis with the Minister of Planning and International Cooperation in Aden on the 2026 HNRP and the 2027-2029 Cooperation Framework.",high Senior UN official in-country; the post holder changed in 2026 (Julien Harneis in February 2026; the March 2026 HNRP release names Zeina Ali as acting Humanitarian Coordinator). Verify current holder before quoting.,not_applicable,,not_applicable,intergovernmental,,"yemen_coverage=8; not_scored=['regional_importance', 'historical_importance']; cited_by_other_media=5; indicators=2; reason=no citable audience figure",not assessed,0.95,Official site of the United Nations country team in Yemen.,https://yemen.un.org/en/node/310212,2026-10-04,,x:UNinYE facebook:UNinYE youtube:UNYemen instagram:unrcyemen,False
wfp,"World Food Programme (WFP), Yemen",INTERNATIONAL_INSTITUTION,B,XX,global,"en,ar",website,"Runs the largest food-assistance operation in Yemen; its statements on food insecurity, funding cuts and access shape the humanitarian narrative.",youtube_subscribers=71200 (2025-02-01) https://www.wikidata.org/wiki/Q204344,regional_importance=high; cited_by_other_media=high; historical_importance=high; WFP figures on acute food insecurity (18.3 million) and malnutrition are widely repeated; its suspension of activities in Houthi-controlled areas is itself a political fact in Yemen discourse.; https://wfp.org/countries/yemen,"monthly Country page and news releases updated through 2026, stating that WFP activities in areas under the Houthi de facto authorities are suspended in line with a pause of all UN operations there mandated by the Secretary-General.","high UN food agency; operational decisions (suspension in Houthi areas, ration cuts) are contested by the parties.",not_applicable,,not_applicable,intergovernmental,36.5,"reach=18.5; yemen_coverage=8; not_scored=['regional_importance', 'historical_importance']; cited_by_other_media=10; indicators=3",not assessed,0.95,UN agency.,https://wfp.org/countries/yemen,2026-10-04,,x:WFPYemen facebook:WFPinYemen,False
unicef,UNICEF Yemen,INTERNATIONAL_INSTITUTION,B,XX,global,"en,ar",website,"Main UN voice on children in Yemen (casualties, malnutrition, cholera, education); its Yemen press releases are frequently quoted.",,"regional_importance=medium; cited_by_other_media=high; historical_importance=high; UNICEF child-casualty and malnutrition figures recur in coverage (for example the 2022 figure of more than 11,000 children killed or injured).; https://www.unicef.org/yemen/press-releases/more-11000-children-killed-or-injured-yemen",monthly Yemen country-office press releases dated 16 September 2026 (renewed hostilities push over 12 million children deeper into crisis) and 25 September 2026 (hunger and malnutrition as violence escalates).,"medium UN agency leading nutrition, WASH and education clusters; co-chairs monitoring of grave violations against children.",not_applicable,,not_applicable,intergovernmental,,"yemen_coverage=8; not_scored=['regional_importance', 'historical_importance']; cited_by_other_media=10; indicators=2; reason=no citable audience figure",not assessed,0.95,UN agency country office.,https://www.unicef.org/yemen/where-we-work,2026-10-04,,x:UNICEF_Yemen facebook:unicefyemen instagram:unicef_yemen youtube:UNICEFYemen,False
iom-yemen,"International Organization for Migration (IOM) Yemen, incl. Displacement Tracking Matrix (DTM)",INTERNATIONAL_INSTITUTION,B,XX,global,"en,ar",website,IOM's DTM is the reference count of new displacement in Yemen; its weekly figures were the most-cited displacement numbers during the 2026 West Coast and Taiz fighting.,,"regional_importance=medium; cited_by_other_media=high; historical_importance=medium; September 2026 DTM figures (displacement passing 46,000, 76,000, then 145,000 across eight governorates, over half in Taiz) were reported by international and South Asian outlets.; https://www.developmentaid.org/news-stream/post/210947/yemen-displacement-surpasses-145000-as-west-coast-conflict-intensifies; https://www.developmentaid.org/news-stream/post/210530/iom-warns-yemen-displacement-surpasses-76000-amid-intensifying-fighting; https://telanganatoday.com/yemen-displacement-surges-past-46000-as-clashes-intensify","weekly Weekly DTM Rapid Displacement Tracking updates (for example 8-14 February 2026 and 1-7 March 2026), plus IOM statements during the September 2026 escalation quoting Chief of Mission Abdusattor Esoev.","medium UN-related intergovernmental migration agency; produces displacement data used by the humanitarian system and the media, and covers migrants transiting Yemen from the Horn of Africa.",not_applicable,,not_applicable,intergovernmental,,"yemen_coverage=15; not_scored=['regional_importance', 'historical_importance']; cited_by_other_media=10; indicators=2; reason=no citable audience figure",not assessed,0.95,Intergovernmental organisation (UN-related agency); DTM is its data programme.,https://reliefweb.int/report/yemen/yemen-rapid-displacement-tracking-update-1-7-march-2026,2026-10-04,,,False
unhcr-yemen,UNHCR Yemen,INTERNATIONAL_INSTITUTION,B,XX,global,"en,ar",website,UN refugee agency in Yemen (protection and shelter cluster lead; refugees and asylum seekers from the Horn of Africa); issues statements on mass displacement.,,regional_importance=medium; cited_by_other_media=medium; historical_importance=medium; UNHCR's September 2026 warning on displacement from the Taiz and West Coast fighting was reported internationally.; https://www.jurist.org/news/2026/09/worsening-conflict-in-yemen-fuels-mass-displacement-amid-growing-humanitarian-emergency-unhcr-says/,"monthly Statement of 23 September 2026 (more than 5.2 million internally displaced; Taiz over 60% of new displacement), with Representative Armen Yedgaryan; operational updates on data.unhcr.org.",medium UN agency with a protection mandate for refugees and IDPs in Yemen.,not_applicable,,not_applicable,intergovernmental,,"yemen_coverage=8; not_scored=['regional_importance', 'historical_importance']; cited_by_other_media=5; indicators=2; reason=no citable audience figure",not assessed,0.95,UN agency.,https://www.jurist.org/news/2026/09/worsening-conflict-in-yemen-fuels-mass-displacement-amid-growing-humanitarian-emergency-unhcr-says/,2026-10-04,,,False
who-yemen,World Health Organization (WHO) Yemen,INTERNATIONAL_INSTITUTION,B,XX,global,"en,ar",website,"Lead UN health agency in Yemen; its cholera, measles and health-system statements drive health coverage of the conflict.",,regional_importance=medium; cited_by_other_media=medium; historical_importance=high; WHO's role in the cholera epidemics made it a recurring source in Yemen coverage; in 2026 it warned of rising cholera and measles outbreaks.; https://epinews.emphnet.net/en/news/who-warns-of-rising-health-risks-in-yemen-amid-new-waves-of-infectious-diseases; https://news.un.org/en/story/2026/09/1168480,monthly WHO Yemen warnings on infectious disease (July 2026) and emergency health appeals; Yemen news section on the EMRO site.,medium UN specialised agency leading the health cluster.,not_applicable,,not_applicable,intergovernmental,,"yemen_coverage=8; not_scored=['regional_importance', 'historical_importance']; cited_by_other_media=5; indicators=2; reason=no citable audience figure",not assessed,0.95,UN specialised agency country office under the Eastern Mediterranean Regional Office.,https://www.emro.who.int/countries/yem/yemen-recent-news.html,2026-10-04,,,False
icrc,"International Committee of the Red Cross (ICRC), Yemen delegation",INTERNATIONAL_INSTITUTION,B,CH,global,"en,ar",website,Neutral intermediary in Yemen's detainee releases and a frontline medical-aid actor; its statements on detainees and civilian harm carry weight with all parties.,youtube_subscribers=176000 (2025-05-18) https://www.wikidata.org/wiki/Q5987345,"regional_importance=high; cited_by_other_media=high; historical_importance=high; ICRC implements UN-brokered detainee release agreements (May 2026 Amman agreement, following earlier exchanges).; https://www.icrc.org/en/where-we-work/yemen; https://news.un.org/en/story/2026/05/1167511","monthly Yemen items dated 13 Feb, 14 May, 15 May, 29 July and 18 Sept 2026 (detainee release preparations after the Amman agreement; 22 tonnes of medical supplies for front-line hospitals).",high Holds a mandate under the Geneva Conventions; Head of Delegation in Yemen Christine Cipolla (named in the May 2026 release).,not_applicable,,not_applicable,independent,40.5,"reach=22.5; yemen_coverage=8; not_scored=['regional_importance', 'historical_importance']; cited_by_other_media=10; indicators=3",not assessed,0.8,"The ICRC is a private Swiss humanitarian institution with an international mandate under the Geneva Conventions, not an intergovernmental body, hence 'independent' rather than 'intergovernmental'.",https://www.icrc.org/en/where-we-work/yemen https://en.wikipedia.org/wiki/International_Committee_of_the_Red_Cross,2026-10-04,rss,x:icrc_ye facebook:ICRCye,True
human-rights-watch,Human Rights Watch,RESEARCH_ORGANIZATION,A,US,global,"en,ar",website,"Sustained documentation of violations by all parties in Yemen (Houthi detentions of UN and civil-society staff, attacks on civilians in Yemen and Saudi Arabia, excessive force against protesters); widely quoted by media and cited in UN debates.",,regional_importance=high; cited_by_other_media=high; historical_importance=high; Major international human-rights monitor with a dedicated Yemen page and Arabic output; its Yemen findings are routinely reported by international and Arab media.; https://www.hrw.org/middle-east/n-africa/yemen,"monthly Yemen items dated 17 Mar, 7 Jun, 26 Jul, 28 Jul, 25 Aug, 26 Aug, 7 Sep and 15 Sep 2026 (news releases, dispatches, statements, a report).","none Non-governmental; selected for influence, not institutional standing.",none_documented,,none_documented,unknown,,yemen_coverage=8; regional_importance=15; cited_by_other_media=10; historical_importance=10; indicators=4; reason=no citable audience figure,not assessed,0.6,"Checked the HRW Yemen page (2026 items criticise Houthi detentions and attacks, and strikes endangering civilians in Yemen and Saudi Arabia); no documented affiliation with a Yemeni party or a state was found in this research. No watchdog or academic source on editorial lean was consulted.",https://www.hrw.org/middle-east/n-africa/yemen,2026-10-04,,x:hrw youtube:HumanRightsWatch facebook:HumanRightsWatch instagram:humanrightswatch,False
acled,Armed Conflict Location & Event Data (ACLED),RESEARCH_ORGANIZATION,A,US,global,en,website,"Runs a dedicated Yemen Conflict Monitor; its event data and analyses (Houthi activity, Red Sea and Bab al-Mandab, AQAP/IS) are the standard quantitative reference on political violence in Yemen.",x_followers=55525 (2024-10-28) https://www.wikidata.org/wiki/Q18354074,"regional_importance=high; cited_by_other_media=high; historical_importance=high; ACLED casualty and event counts for Yemen are widely used by media, researchers and UN reporting.; https://acleddata.com/monitor/yemen-conflict-monitor","monthly Yemen Conflict Monitor analyses dated 19 Aug 2026 (Houthi activity in Yemen and Saudi Arabia), 2 Sep 2026 (IS and al-Qaeda), 1 Oct 2026 (Houthi gains around Bab al-Mandab), plus monthly Middle East overviews.",none Non-governmental data organisation; selected for influence.,none_documented,,none_documented,unknown,60.4,reach=17.4; yemen_coverage=8; regional_importance=15; cited_by_other_media=10; historical_importance=10; indicators=5,not assessed,0.6,Checked the ACLED homepage and Yemen Conflict Monitor; no documented affiliation with a Yemeni party or state was found in this research. Funding sources were not reviewed.,https://acleddata.com/monitor/yemen-conflict-monitor,2026-10-04,,x:ACLEDINFO youtube:UCbN6PMoEeDcfOGkKHvz-1cw facebook:ACLEDINFO,False
rashad-al-alimi,Rashad al-Alimi,SOCIAL_ACCOUNT,B,YE,yemen,ar,x,Personal/official accounts of the head of the Presidential Leadership Council; his posts are the top-level statements of the internationally recognised government.,,"regional_importance=high; cited_by_other_media=high; historical_importance=high; His posts on X are quoted by Arab media (e.g. Maspero, December 2025, on the Hadramawt crisis).; https://www.maspero.eg/arab-and-world/2025/12/27/916241/العليمي-يثمن-الاستجابة-العاجلة-لتحالف-دعم-الشرعية-لأجل-حماية-المدنيين-بحضرموت","weekly Posts about Yemeni state affairs, the Houthis and the south; all output concerns Yemen.","high Head of the PLC since April 2022; still chairman in 2026 (Wikipedia, 2026 in Yemen).",plc_government,PLC chairman,saudi,state_aligned,,"yemen_coverage=15; not_scored=['regional_importance', 'historical_importance']; cited_by_other_media=10; indicators=2; reason=no citable audience figure",not assessed,0.9,"He heads the PLC, the Saudi-backed internationally recognised government (alignment by office held).",https://en.wikipedia.org/wiki/Presidential_Leadership_Council https://en.wikipedia.org/wiki/2026_in_Yemen,2026-10-04,,x:presidentrashad facebook:PresidentRashadAlAlimi youtube:UCul1Hqh-4RSa5u67w1b5LVA,False
moammar-al-eryani,Moammar al-Eryani,SOCIAL_ACCOUNT,B,YE,yemen,"ar,en",x,"The government's chief information official and its most prolific poster on X; his threads on the Houthis and Iran are routinely quoted by Arab News, Al Arabiya and Saudi media.",x_followers=426800 (2026-10) https://en.rattibha.com/ERYANIM,regional_importance=high; cited_by_other_media=high; historical_importance=medium; Arab News and Al Arabiya regularly report his X posts as news.; https://www.arabnews.jp/en/middle-east/article_87394/; https://themedialine.org/mideast-daily-news/al-eryani-confronting-houthis-is-key-to-regional-and-global-security/print,"daily Posts several times a week, almost entirely on Yemen (Houthis, Iran, government affairs).",high Minister of Information in the PLC government; confirmed in the cabinet decree of 6 Feb 2026.,plc_government,Minister of Information (GPC background),saudi,state_aligned,61.3,"reach=26.3; yemen_coverage=25; not_scored=['regional_importance', 'historical_importance']; cited_by_other_media=10; indicators=3",not assessed,0.9,Serving cabinet minister of the Saudi-backed PLC government (Republican Decree No. 3 of 2026).,https://presidentalalimi.net/en/news1582.html,2026-10-04,,x:ERYANIM,False
badr-albusaidi,Badr Albusaidi,SOCIAL_ACCOUNT,B,OM,gulf,"ar,en",x,Oman is the main channel to Ansar Allah (its negotiators are based in Muscat); the foreign minister's posts announce and frame mediation steps on Yemen and the Red Sea.,,regional_importance=high; cited_by_other_media=high; historical_importance=medium; Wikipedia records his December 2025 Riyadh mediation over the Hadramawt crisis and his 2026 US-Iran mediation.; https://en.wikipedia.org/wiki/Badr_Albusaidi; https://archive.fm.gov.om/en/1358/,"monthly Yemen is one of several files he posts about (also Iran-US talks, Gaza); Yemen-related posts come with each mediation round.","high Serving Omani foreign minister (Wikipedia, 2026); Oman mediates between Ansar Allah, Saudi Arabia and the UN.",not_applicable,,oman,state_aligned,,"yemen_coverage=8; not_scored=['regional_importance', 'historical_importance']; cited_by_other_media=10; indicators=2; reason=no citable audience figure",not assessed,0.95,He is Oman's serving foreign minister; the Omani foreign ministry website names @badralbusaidi as the minister's account.,https://fm.gov.om/,2026-10-04,,x:badralbusaidi,False
farea-al-muslimi,Farea al-Muslimi,SOCIAL_ACCOUNT,A,GB,yemen,"ar,en",x,"Yemeni analyst at Chatham House whose account comments on Yemeni politics, the Houthis and Gulf policy.",,regional_importance=medium; cited_by_other_media=medium; historical_importance=medium; Chatham House research fellow (MENA Programme) working on Yemen.; https://www.chathamhouse.org/about-us/our-people/farea-al-muslimi,daily His account and his Chatham House work focus on Yemen and the Gulf.,"low Researcher; selected for influence, not office.",none_documented,,none_documented,unknown,,yemen_coverage=25; regional_importance=8; cited_by_other_media=5; historical_importance=5; indicators=4; reason=no citable audience figure,not assessed,0.5,Checked his Chatham House profile: an analyst at an independent research institute; no documented affiliation with a Yemeni party or foreign state.,,2026-10-04,,x:almuslimi,False
nadwa-al-dawsari,Nadwa al-Dawsari,SOCIAL_ACCOUNT,A,US,yemen,"en,ar",x,"Yemen conflict analyst (tribal politics, the Houthis) at the Middle East Institute; her account posts mostly on Yemen.",,"regional_importance=medium; cited_by_other_media=medium; historical_importance=medium; MEI profile: researcher and conflict analyst with over 20 years' experience in Yemen, focusing on the Houthis and their cross-border operations.; https://www.mei.edu/profile/nadwa-al-dawsari",daily Account and research focus on Yemen and the Houthis.,low Researcher; selected for influence.,none_documented,,none_documented,unknown,,yemen_coverage=25; regional_importance=8; cited_by_other_media=5; historical_importance=5; indicators=4; reason=no citable audience figure,not assessed,0.5,"Checked her MEI profile; no documented party or state affiliation. Her published analysis is strongly critical of the Houthis, which is a stance, not an affiliation.",,2026-10-04,,x:ndawsari,False
maged-al-madhaji,Maged al-Madhaji,SOCIAL_ACCOUNT,A,YE,yemen,"ar,en",x,Co-founder and chair of Yemen's best-known independent think tank; comments on Yemeni politics for Arabic media.,,regional_importance=high; cited_by_other_media=medium; historical_importance=medium; Sana'a Center profile: 'one of Yemen's most prominent political and human rights activists'; regularly provides commentary on Yemeni affairs for Arabic media.; https://sanaacenter.org/member/maged-almadhaji; https://sanaacenter.org/about-us/team,weekly Research and public commentary focus on Yemen (Sana'a Center profile).,"low Researcher; selected for influence, not office.",none_documented,,none_documented,unknown,,yemen_coverage=15; regional_importance=15; cited_by_other_media=5; historical_importance=5; indicators=4; reason=no citable audience figure,not assessed,0.5,Checked the Sana'a Center profile; no documented affiliation with a Yemeni party or a foreign state.,,2026-10-04,,x:MAlmadhaji,False
elisabeth-kendall,Elisabeth Kendall,SOCIAL_ACCOUNT,A,GB,europe,en,x,"UK academic on Yemen (AQAP, the Houthis, information warfare) with extensive fieldwork; her account posts on Yemeni security.",,"regional_importance=medium; cited_by_other_media=medium; historical_importance=medium; Sana'a Center profile: research on the Houthi movement, AQAP, violent extremism and information warfare, with extensive fieldwork.; https://sanaacenter.org/member/elisabeth-kendall; https://sanaacenter.org/about-us/team",weekly Research and public commentary focus on Yemen (Sana'a Center profile).,"low Researcher; selected for influence, not office.",none_documented,,none_documented,unknown,,yemen_coverage=15; regional_importance=8; cited_by_other_media=5; historical_importance=5; indicators=4; reason=no citable audience figure,not assessed,0.5,Checked the Sana'a Center profile; no documented affiliation with a Yemeni party or a foreign state.,,2026-10-04,,x:Dr_E_Kendall,False
abdulghani-al-iryani,Abdulghani al-Iryani,SOCIAL_ACCOUNT,A,YE,yemen,"en,ar",x,Veteran Yemeni analyst of the peace process; posts commentary on negotiations and governance.,,"regional_importance=medium; cited_by_other_media=medium; historical_importance=medium; Sana'a Center profile: three decades as a political and development consultant (UN, World Bank) on governance and conflict resolution.; https://sanaacenter.org/member/abdulghani-aliryani; https://sanaacenter.org/about-us/team",weekly Research and public commentary focus on Yemen (Sana'a Center profile).,"low Researcher; selected for influence, not office.",none_documented,,none_documented,unknown,,yemen_coverage=15; regional_importance=8; cited_by_other_media=5; historical_importance=5; indicators=4; reason=no citable audience figure,not assessed,0.5,Checked the Sana'a Center profile; no documented affiliation with a Yemeni party or a foreign state.,,2026-10-04,,x:AbdulGhani1959,False
maysaa-shuja-al-deen,Maysaa Shuja al-Deen,SOCIAL_ACCOUNT,A,YE,yemen,"ar,en",x,Specialist on the Houthi movement whose analysis appears in Arabic and English outlets; posts on Yemeni politics.,,"regional_importance=medium; cited_by_other_media=medium; historical_importance=medium; Sana'a Center profile: expertise in ideology and armed movements and the Houthi movement; published in Jadaliyya, Al-Monitor and Assafir al-Arabi.; https://sanaacenter.org/member/maysaa-shuja-aldeen; https://sanaacenter.org/about-us/team",weekly Research and public commentary focus on Yemen (Sana'a Center profile).,"low Researcher; selected for influence, not office.",none_documented,,none_documented,unknown,,yemen_coverage=15; regional_importance=8; cited_by_other_media=5; historical_importance=5; indicators=4; reason=no citable audience figure,not assessed,0.5,Checked the Sana'a Center profile; no documented affiliation with a Yemeni party or a foreign state.,,2026-10-04,,x:maysaashujaa,False
hussam-radman,Hussam Radman,SOCIAL_ACCOUNT,A,YE,yemen,"ar,en",x,"Analyst of southern Yemen and armed groups, a key subject after the 2025-2026 Hadramawt and Aden events.",,regional_importance=medium; cited_by_other_media=medium; historical_importance=medium; Sana'a Center profile: research on political and security developments in Yemen; former investigative journalist covering southern Yemen and the west coast.; https://sanaacenter.org/member/hussam-radman; https://sanaacenter.org/about-us/team,weekly Research and public commentary focus on Yemen (Sana'a Center profile).,"low Researcher; selected for influence, not office.",none_documented,,none_documented,unknown,,yemen_coverage=15; regional_importance=8; cited_by_other_media=5; historical_importance=5; indicators=4; reason=no citable audience figure,not assessed,0.5,Checked the Sana'a Center profile; no documented affiliation with a Yemeni party or a foreign state.,,2026-10-04,,x:hu_rdman,False
thomas-juneau,Thomas Juneau,SOCIAL_ACCOUNT,A,CA,north_america,"en,fr",x,"Academic who publishes on Yemen, the Houthis and Iran's role; Sana'a Center non-resident fellow.",,regional_importance=low; cited_by_other_media=medium; historical_importance=low; Sana'a Center lists him as a non-resident research fellow.; https://sanaacenter.org/member/thomas-juneau; https://sanaacenter.org/about-us/team,weekly Research and public commentary focus on Yemen (Sana'a Center profile).,"low Researcher; selected for influence, not office.",none_documented,,none_documented,unknown,,yemen_coverage=15; regional_importance=0; cited_by_other_media=5; historical_importance=0; indicators=4; reason=no citable audience figure,not assessed,0.5,Checked the Sana'a Center profile; no documented affiliation with a Yemeni party or a foreign state.,,2026-10-04,,x:thomasjuneau,False
mohammed-abdulsalam,Mohammed Abdulsalam,SOCIAL_ACCOUNT,B,OM,yemen,ar,x,"Chief negotiator and spokesman of the movement that controls Sanaa; his posts announce positions towards Saudi Arabia, the UN and the US and are reported by wire and regional media.",x_followers=976600 (2026-10) https://en.rattibha.com/abdusalamsalah,regional_importance=high; cited_by_other_media=high; historical_importance=medium; Iran International (25 Jul 2026) reports his X post warning Riyadh of 'serious consequences'; Arab News and Basha Report report his statements.; https://x.com/IranIntl_En/status/2080903869492539809; https://arab.news/mva6s; https://x.com/BashaReport/status/1983543480958734490,"daily The profile mirror shows 3,200 to 5,000 posts since the account opened in December 2023 (more than three a day on average); content concerns Yemen, negotiations, Saudi Arabia and the Red Sea.","high Named as the Houthi chief negotiator in Sana'a Center (Nov 2023) and still the movement's negotiator in Muscat in September 2026 (azat.tv, talks with US embassy staff 14 Sep 2026).",ansar_allah,Ansar Allah spokesman and chief negotiator,iran_axis,movement_aligned,64.9,"reach=29.9; yemen_coverage=25; not_scored=['regional_importance', 'historical_importance']; cited_by_other_media=10; indicators=3",not assessed,0.9,He is the movement's own spokesman and negotiator and chairs the board of its media network (profile bio; Sana'a Center). Iran-axis label: reporting on the Houthis as Iran's ally and his meetings with Iran's foreign minister in Muscat (confidence for that dimension about 0.7).,https://sanaacenter.org/files/The_Houthi_Delegates_to_Riyadh_en.pdf https://en.wikipedia.org/wiki/Houthis https://south24.net/news/news.php?nid=3922,2026-10-04,,x:abdusalamsalah,False
mohammed-ali-al-houthi,Mohammed Ali al-Houthi,SOCIAL_ACCOUNT,B,YE,yemen,ar,x,Senior Ansar Allah leader (former head of the Supreme Revolutionary Committee and of the Supreme Political Council) whose X account and Telegram channel carry the movement's political messaging.,x_followers=998000 (2026-10) https://twstalker.com/Moh_Alhouthi; telegram_subscribers=32900 (2026-10) https://t.me/s/Mohammadlhouthi,regional_importance=medium; cited_by_other_media=medium; historical_importance=high; Led the Houthi governing bodies in 2015 to 2018; his statements are quoted by Arab and international media.; https://en.wikipedia.org/wiki/Mohammed_al-Houthi; https://www.counterextremism.com/extremists/mohammed-ali-al-houthi; https://www.arabnews.com/node/961001/amp,daily The Telegram preview shows several posts within a single day; content is political commentary and excerpts of his book on the Yemeni revolution.,medium Member of the Supreme Political Council (Sanaa); no formal negotiating or spokesman role found.,ansar_allah,Supreme Political Council member,iran_axis,movement_aligned,60.0,"reach=30.0; yemen_coverage=25; not_scored=['regional_importance', 'historical_importance']; cited_by_other_media=5; indicators=3",not assessed,0.9,His own Telegram channel calls itself the official channel of a Supreme Political Council member; the SPC is the Ansar Allah-led authority. Iran-axis label from reporting on the Houthis as Iran's ally (about 0.7).,https://t.me/s/Mohammadlhouthi https://en.wikipedia.org/wiki/Houthis https://www.counterextremism.com/extremists/mohammed-ali-al-houthi,2026-10-04,telegram_public,x:Moh_Alhouthi telegram:Mohammadlhouthi,True
abdulmalik-al-ajri,Abdulmalik al-Ajri,SOCIAL_ACCOUNT,B,YE,yemen,ar,x,"Houthi political-bureau member and negotiator whose posts on Saudi Arabia, Iran and negotiations are widely read in the Houthi-aligned sphere.",x_followers=341200 (2026-10) https://en.rattibha.com/alejri77,"regional_importance=medium; cited_by_other_media=medium; historical_importance=medium; Listed as deputy chief negotiator of the Houthi delegation to Riyadh (Sana'a Center, 2023); named as a participant in Muscat contacts reported in September 2026.; https://sanaacenter.org/files/The_Houthi_Delegates_to_Riyadh_en.pdf; https://azat.tv/en/us-houthi-secret-talks-oman-red-sea/","weekly About 8,000 posts on the account (mirror); topics are Yemeni politics, Saudi Arabia, Iran and Palestine.",medium Member of the Houthi negotiating delegation; second to Mohammed Abdulsalam.,ansar_allah,"Political bureau member, negotiating delegation",iran_axis,movement_aligned,45.3,"reach=25.3; yemen_coverage=15; not_scored=['regional_importance', 'historical_importance']; cited_by_other_media=5; indicators=3",not assessed,0.85,Sana'a Center lists him as deputy chief negotiator of the Houthi delegation; his profile bio says member of the Sanaa national delegation. Iran-axis label from reporting on the Houthis as Iran's ally (about 0.7).,https://sanaacenter.org/files/The_Houthi_Delegates_to_Riyadh_en.pdf https://en.wikipedia.org/wiki/Houthis,2026-10-04,,x:alejri77,False
hussein-al-ezzi,Hussein al-Ezzi,SOCIAL_ACCOUNT,B,YE,yemen,ar,x,"Houthi diplomat whose X account carries the movement's positions on Saudi Arabia, the Red Sea and the UN.",x_followers=567500 (2026-10) https://en.rattibha.com/hussinalezzi5,regional_importance=medium; cited_by_other_media=medium; historical_importance=medium; Member of the Houthi delegation to Riyadh in 2023 (Sana'a Center).; https://sanaacenter.org/files/The_Houthi_Delegates_to_Riyadh_en.pdf,"weekly About 13,000 to 18,000 posts on the account (mirrors); content concerns Ansar Allah, Saudi Arabia and Yemeni sovereignty.","medium Deputy foreign minister of the Sanaa authorities in 2023; the Sanaa foreign ministry leadership changed after the 28 Aug 2025 strike that killed Jamal Amer, and his current title was not verified.",ansar_allah,Sanaa-side diplomat,iran_axis,movement_aligned,47.5,"reach=27.5; yemen_coverage=15; not_scored=['regional_importance', 'historical_importance']; cited_by_other_media=5; indicators=3",not assessed,0.85,Profile bio reads 'Ansar Allah - Yemen'; Sana'a Center lists him in the Houthi delegation. Iran-axis label from reporting on the Houthis as Iran's ally (about 0.7).,https://sanaacenter.org/files/The_Houthi_Delegates_to_Riyadh_en.pdf https://en.wikipedia.org/wiki/Houthis,2026-10-04,,x:hussinalezzi5,False
tareq-saleh,Tareq Saleh,SOCIAL_ACCOUNT,B,YE,yemen,"ar,en",x,PLC member and commander of the main armed force on the Red Sea coast; his X posts and interviews are the voice of the National Resistance camp.,x_followers=1100000 (2026-10) https://twstalker.com/tarikyemen,regional_importance=high; cited_by_other_media=high; historical_importance=high; CENTCOM publicly credited his forces with a record seizure of Iranian weapons (Jul 2025); in September 2026 Basha Report quotes him on US support (CNN interview).; https://x.com/CENTCOM/status/1945507629100638655; https://x.com/BashaReport/status/2098191694315290733; https://x.com/USEmbassyYemen/status/1921946476613087634,"weekly Statements on the Houthis, the west coast and the PLC; the account holds about 3,000 posts since 2010 (mirror), with active statements reported on 10 Sep 2026.","high PLC vice-president (Wikipedia, 2026); commander of the National Resistance Forces.",national_resistance,National Resistance Forces; PLC vice-president,unknown,state_aligned,55.4,"reach=30.4; yemen_coverage=15; not_scored=['regional_importance', 'historical_importance']; cited_by_other_media=10; indicators=3",not assessed,0.85,"He leads the National Resistance Forces and sits on the PLC (Wikipedia PLC table). Regional alignment left unknown: historically UAE-linked, but arabi21 (Jan 2026) reports him in Riyadh after refusing to expel Emirati forces, so no single axis is assigned.",https://en.wikipedia.org/wiki/Presidential_Leadership_Council https://arabi21.com/story/1729360/طارق-صالح-في-الرياض-بعد-أيام-من-رفضه-طرد-القوات-الإماراتية-صورة,2026-10-04,,x:tarikyemen,False
aidarous-al-zubaidi,Aidarous al-Zubaidi,SOCIAL_ACCOUNT,B,AE,yemen,ar,x,Leader of the main southern separatist movement; central figure of the December 2025 to January 2026 events in Hadramawt and Aden and of the dispute over the STC's status.,x_followers=316000 (2026-10) https://twstalker.com/AidrosAlzubidi,"regional_importance=high; cited_by_other_media=high; historical_importance=high; Al Jazeera, Al-Monitor and the New Arab covered his dismissal and flight in January 2026; Basha Report (6 Jul 2026) still refers to him as the STC's president.; https://www.aljazeera.com/amp/news/liveblog/2026/1/7/live-yemens-stc-leader-al-zubaidi-dismissed-after-fleeing-overnight; https://x.com/AJEnglish/status/2008791308278919674; https://en.wikipedia.org/wiki/Southern_Transitional_Council","monthly His account addresses southern Yemen exclusively, but posting frequency since January 2026 was not verified.",medium No state office since 7 Jan 2026; leader of an STC whose dissolution (announced in Riyadh on 9 Jan) is rejected by UAE-based officials (Wikipedia).,stc,STC president (status disputed),uae,movement_aligned,43.0,"reach=25.0; yemen_coverage=8; not_scored=['regional_importance', 'historical_importance']; cited_by_other_media=10; indicators=3",not assessed,0.9,Founder and head of the STC; Wikipedia describes the STC as UAE-backed and says he fled to the UAE in January 2026.,https://en.wikipedia.org/wiki/Southern_Transitional_Council https://www.aljazeera.com/amp/news/liveblog/2026/1/7/live-yemens-stc-leader-al-zubaidi-dismissed-after-fleeing-overnight,2026-10-04,,x:AidrosAlzubidi,False
sultan-al-arada,Sultan al-Arada,SOCIAL_ACCOUNT,B,YE,yemen,ar,x,"PLC member and governor of Marib, the government's main northern front; his posts announce Marib's security and political positions.",x_followers=64000 (2026-10) https://twstalker.com/search/Sultan%20Alaradah,regional_importance=medium; cited_by_other_media=medium; historical_importance=medium; Wikipedia lists him as PLC vice-president and Marib governor since 2012; promoted to lieutenant general in June 2026 (X post by a Marib supporter).; https://en.wikipedia.org/wiki/Presidential_Leadership_Council; https://en.wikipedia.org/wiki/Sultan_al-Arada; https://x.com/Abo_Saad_aa/status/2066256141152297452,"weekly Posts concern Marib governance, the Houthi front and PLC business; frequency not measured.","high PLC member (Wikipedia, 2026) and governor of Marib.",plc_government,Marib governor; Wikipedia's PLC table links him to the Islah party,saudi,state_aligned,38.1,"reach=18.1; yemen_coverage=15; not_scored=['regional_importance', 'historical_importance']; cited_by_other_media=5; indicators=3",not assessed,0.8,Serving PLC member; the PLC is the Saudi-backed internationally recognised government.,https://en.wikipedia.org/wiki/Presidential_Leadership_Council,2026-10-04,,x:sultan_alaradah,False
abdullah-al-alimi-bawazir,Abdullah al-Alimi Bawazir,SOCIAL_ACCOUNT,B,YE,yemen,"ar,en",x,PLC vice-president who represented the government at the 81st UN General Assembly in September 2026; his account carries the government's foreign-policy and anti-Houthi messaging.,x_followers=469000 (2026-10) https://twstalker.com/ALalimiBawzer,"regional_importance=medium; cited_by_other_media=medium; historical_importance=low; Posts report meetings with the UN Secretary-General, IMF and US officials at UNGA 81 (profile directory snapshot).; https://twstalker.com/search/Abdullah%20Al-Alimi%20Bawazir; https://en.wikipedia.org/wiki/Presidential_Leadership_Council","weekly Roughly 1,000 posts since 2016 (mirror) but active around UNGA 81; all content concerns Yemen.","high PLC vice-president (Wikipedia, 2026).",plc_government,PLC vice-president; Wikipedia's PLC table links him to the Islah party,saudi,state_aligned,46.7,"reach=26.7; yemen_coverage=15; not_scored=['regional_importance', 'historical_importance']; cited_by_other_media=5; indicators=3",not assessed,0.85,Serving PLC member; the PLC is the Saudi-backed internationally recognised government.,https://en.wikipedia.org/wiki/Presidential_Leadership_Council,2026-10-04,,x:ALalimiBawzer,False
othman-mujalli,Othman Mujalli,SOCIAL_ACCOUNT,B,YE,yemen,ar,x,"PLC member from Sa'dah, the Houthi heartland; his April 2026 interview with Okaz signalled a possible return of ground operations.",x_followers=7000 (2026-10) https://twstalker.com/OthmanMujalli,regional_importance=medium; cited_by_other_media=medium; historical_importance=low; Basha Report (2 Apr 2026) cites his Okaz interview as a sign that ground operations may return.; https://x.com/BashaReport/status/2039842560080748572; https://en.wikipedia.org/wiki/Presidential_Leadership_Council,weekly Account opened September 2025 with few posts; content is anti-Houthi and anti-Iran messaging.,"high PLC member (Wikipedia, 2026).",plc_government,PLC member from Sa'dah,saudi,state_aligned,28.5,"reach=8.5; yemen_coverage=15; not_scored=['regional_importance', 'historical_importance']; cited_by_other_media=5; indicators=3",not assessed,0.8,Serving PLC member; the PLC is the Saudi-backed internationally recognised government; he gave an interview to Saudi daily Okaz.,https://en.wikipedia.org/wiki/Presidential_Leadership_Council https://x.com/BashaReport/status/2039842560080748572,2026-10-04,,x:OthmanMujalli,False
shaya-al-zindani,Shaya al-Zindani,SOCIAL_ACCOUNT,B,YE,yemen,"ar,en",x,Head of the internationally recognised government's cabinet; his account announces cabinet decisions and diplomatic contacts.,x_followers=32000 (2026-10) https://twstalker.com/search/Shaya%20Zindani,regional_importance=medium; cited_by_other_media=medium; historical_importance=low; Al Jazeera reported his appointment and the new cabinet.; https://www.aljazeera.com/news/2026/2/6/new-yemen-government-formed-with-shaya-mohsin-al-zindani-as-prime-minister; https://en.wikipedia.org/wiki/Shaya_al-Zindani,weekly Account bio gives his office; posts cover government business and the Houthi threat.,high Prime minister since January 2026 (Wikipedia; Al Jazeera). The institutional account of the office (@Yemen_PM) is under the yemen-pmo record.,plc_government,Prime minister,saudi,state_aligned,35.1,"reach=15.1; yemen_coverage=15; not_scored=['regional_importance', 'historical_importance']; cited_by_other_media=5; indicators=3",not assessed,0.9,"Prime minister of the Saudi-backed PLC government, appointed by PLC decree.",https://www.aljazeera.com/news/2026/2/6/new-yemen-government-formed-with-shaya-mohsin-al-zindani-as-prime-minister https://en.wikipedia.org/wiki/Shaya_al-Zindani,2026-10-04,,x:Shaya_Zindani,False
afrah-al-zouba,Afrah al-Zouba,SOCIAL_ACCOUNT,B,YE,yemen,"ar,en",x,The government's chief diplomat since July 2026; her account reports meetings with envoys and ambassadors and the government's positions on the UN process.,x_followers=19000 (2026-10) https://twstalker.com/search/Afrah%20Zouba,regional_importance=medium; cited_by_other_media=medium; historical_importance=low; The National reported her appointment; the British ambassador publicly congratulated her on X.; https://www.thenationalnews.com/news/mena/2026/07/24/yemen-appoints-first-female-foreign-minister/,weekly Account bio gives her office; posts report diplomatic meetings (profile directory snapshot).,"high Foreign minister since July 2026 (The National, 24 Jul 2026).",plc_government,Foreign minister,saudi,state_aligned,32.8,"reach=12.8; yemen_coverage=15; not_scored=['regional_importance', 'historical_importance']; cited_by_other_media=5; indicators=3",not assessed,0.9,Serving minister in the Saudi-backed PLC government (presidential decree of 23 July 2026).,https://www.thenationalnews.com/news/mena/2026/07/24/yemen-appoints-first-female-foreign-minister/,2026-10-04,,x:afrah_alzouba,False
anwar-al-tamimi,Anwar al-Tamimi,SOCIAL_ACCOUNT,B,AE,yemen,ar,x,Voice of the STC faction that rejects the dissolution; his statements are the council's official line after January 2026.,x_followers=43000 (2026-10) https://en.rattibha.com/anwaraltamimi71,regional_importance=medium; cited_by_other_media=medium; historical_importance=low; Wikipedia's STC article quotes him calling the Riyadh dissolution announcement 'ridiculous'; he gives interviews to Sky News Arabia.; https://en.wikipedia.org/wiki/Southern_Transitional_Council,weekly Issues STC statements on security and political developments in the south.,medium Spokesman of a movement whose legal status is disputed after 9 Jan 2026.,stc,STC spokesman (faction rejecting the dissolution),uae,movement_aligned,36.3,"reach=16.3; yemen_coverage=15; not_scored=['regional_importance', 'historical_importance']; cited_by_other_media=5; indicators=3",not assessed,0.8,Wikipedia identifies him as the UAE-based official STC spokesman and describes the STC as UAE-backed.,https://en.wikipedia.org/wiki/Southern_Transitional_Council,2026-10-04,,x:anwaraltamimi71,False
mohammed-al-jaber,Mohammed Al Jaber,SOCIAL_ACCOUNT,B,SA,gulf,"ar,en",x,"Saudi Arabia's principal envoy on Yemen since 2014; his posts announce Saudi mediation, aid and political positions on Yemen.",x_followers=493000 (2026-10) https://en.rattibha.com/mohdsalj,regional_importance=high; cited_by_other_media=high; historical_importance=high; Basha Report (Sep 2025) lists him among the envoys who mediated within the PLC; his April 2023 Sanaa visit is discussed by Yemeni commentators (Feb 2026).; https://x.com/BashaReport/status/1969176289077796930; https://x.com/hsom67/status/2022653982926340492,"weekly Bio and account concern only Yemen (embassy and SDRPY); about 11,200 posts since 2017 (mirror).",high Saudi ambassador to Yemen since September 2014 (Wikipedia list of ambassadors); Saudi Arabia leads the coalition.,not_applicable,,saudi,state_aligned,51.9,"reach=26.9; yemen_coverage=15; not_scored=['regional_importance', 'historical_importance']; cited_by_other_media=10; indicators=3",not assessed,0.95,Serving Saudi ambassador and head of a Saudi state programme (profile bio; SDRPY).,https://en.wikipedia.org/wiki/List_of_ambassadors_of_Saudi_Arabia_to_Yemen,2026-10-04,,x:mohdsalj,False
abda-sharif,Abda Sharif,SOCIAL_ACCOUNT,B,GB,europe,en,x,"British ambassador to Yemen; the UK holds the pen on Yemen at the UN Security Council, and her posts convey UK positions on the government, the PLC and the Houthis.",,regional_importance=low; cited_by_other_media=medium; historical_importance=low; The National (24 Jul 2026) cites her X post on the new foreign minister's appointment.; https://www.thenationalnews.com/news/mena/2026/07/24/yemen-appoints-first-female-foreign-minister/; https://www.gov.uk/government/people/abda-sharif,weekly All her diplomatic output concerns Yemen.,medium UK ambassador to Yemen (GOV.UK profile); the UK is the Security Council penholder on Yemen.,not_applicable,,uk,state_aligned,,"yemen_coverage=15; not_scored=['regional_importance', 'historical_importance']; cited_by_other_media=5; indicators=2; reason=no citable audience figure",not assessed,0.95,Serving British ambassador (GOV.UK).,https://www.gov.uk/government/people/abda-sharif,2026-10-04,,x:abda_sharif,False
esmaeil-baghaei,Esmaeil Baghaei,SOCIAL_ACCOUNT,B,IR,iran,"fa,en",x,"Voice of Iran's foreign ministry, whose statements on the Houthis, the Red Sea and Saudi-Houthi escalation frame Iran's position towards Yemen.",x_followers=140000 (2026-10) https://twstalker.com/IRIMFA_SPOX,regional_importance=high; cited_by_other_media=high; historical_importance=low; Weekly press briefings are reported by Iranian and international media.; https://en.wikipedia.org/wiki/Esmaeil_Baghaei,occasional General foreign-ministry account; Yemen comes up when asked at briefings and during Red Sea or Houthi escalations. Collection needs a Yemen keyword filter.,high Spokesman of the foreign ministry of the Houthis' main regional backer; Wikipedia shows him in post through March 2026 under Foreign Minister Abbas Araghchi.,not_applicable,,iran_axis,state_aligned,31.5,"reach=21.5; yemen_coverage=0; not_scored=['regional_importance', 'historical_importance']; cited_by_other_media=10; indicators=3",not assessed,0.95,Serving spokesperson of the Iranian foreign ministry (profile bio; Wikipedia).,https://en.wikipedia.org/wiki/Esmaeil_Baghaei,2026-10-04,,x:IRIMFA_SPOX,False
mohammed-al-yadoumi,Mohammed al-Yadoumi,SOCIAL_ACCOUNT,B,YE,yemen,ar,x,"Head of Islah, the largest party in the government camp; his account carries the party's positions on the PLC, the Houthis and the south.",x_followers=231000 (2026-10) https://twstalker.com/search/%D9%85%D8%AD%D9%85%D8%AF%20%D8%A7%D9%84%D9%8A%D8%AF%D9%88%D9%85%D9%8A,"regional_importance=medium; cited_by_other_media=medium; historical_importance=high; Leads Islah, which holds 44 of 301 parliamentary seats (Wikipedia); Saudi Arabia repaired relations with the party because of its role against the Houthis.; https://en.wikipedia.org/wiki/Al-Islah_(Yemen)",weekly Account posts party and national statements; frequency not measured.,"high Chairman of Islah (Wikipedia, 2026); the party holds seats and posts in the PLC camp. Party channels are under the alislah-net record.",islah,Party chairman,saudi,movement_aligned,43.6,"reach=23.6; yemen_coverage=15; not_scored=['regional_importance', 'historical_importance']; cited_by_other_media=5; indicators=3",not assessed,0.85,"He leads the Islah party (Wikipedia). Saudi alignment: Wikipedia records Saudi repair of relations with Islah because of its anti-Houthi role, and his tweets express thanks to Saudi Arabia and the UAE.",https://en.wikipedia.org/wiki/Al-Islah_(Yemen),2026-10-04,,x:MohAlydomi,False
basha-report,Basha Report,SOCIAL_ACCOUNT,A,US,north_america,en,x,"One of the most active English-language accounts on the 2026 Yemen war; analysts and journalists share its maps, translations of Arabic reporting and fact-checks.",x_followers=31000 (2026-10) https://twstalker.com/BashaReport,"regional_importance=low; cited_by_other_media=low; historical_importance=low; Citation by other media was not measured. Its posts of 2026 cover the Houthi offensive, Perim Island, PLC infighting and the Saudi Supreme Military Committee.; https://x.com/BashaReport/status/2098191694315290733; https://x.com/BashaReport/status/2057539805974790614; https://x.com/BashaReport/status/2048399523702083692","daily The mirror shows 28,000 posts; its recent posts concentrate heavily on Yemen (Taiz, Bab al-Mandab, Mocha) and the search index returned more than a dozen Yemen posts dated April to September 2026.",none Independent analyst account.,none_documented,,none_documented,unknown,39.9,reach=14.9; yemen_coverage=25; regional_importance=0; cited_by_other_media=0; historical_importance=0; indicators=5,not assessed,0.5,Checked the account's profile summary and a sample of 2026 posts: it reports on all sides (including fact-checks of anti-Houthi propaganda and a disclaimer on Arabi21's anti-UAE stance); no party or state affiliation found.,,2026-10-04,,x:BashaReport,False
tawakkol-karman,Tawakkol Karman,SOCIAL_ACCOUNT,A,TR,yemen,"ar,en",x,"The best-known Yemeni voice abroad; comments on the Houthis, the Saudi-UAE coalition and Yemeni politics alongside wider Arab causes.",x_followers=1100000 (2026-10) https://twstalker.com/TawakkolKarman,"regional_importance=high; cited_by_other_media=high; historical_importance=high; Nobel laureate (2011), a leading figure of the 2011 uprising; founded Belqees TV (Wikipedia).; https://en.wikipedia.org/wiki/Tawakkol_Karman","weekly Her feed mixes Yemen with Palestine, Iran and wider rights issues; Yemen is a recurring but not the only topic.",none No office; selected for audience and historical weight.,none_documented,Suspended from Islah in 2018 (Wikipedia),none_documented,unknown,80.4,reach=30.4; yemen_coverage=15; regional_importance=15; cited_by_other_media=10; historical_importance=10; indicators=5,not assessed,0.5,"Wikipedia: she was suspended from the Islah party in February 2018 after criticising the Saudi-led coalition, opposes the Houthis and condemns the coalition's war; no current party role or state sponsor documented.",https://en.wikipedia.org/wiki/Tawakkol_Karman,2026-10-04,,x:TawakkolKarman,False
hisham-al-omeisy,Hisham Al-Omeisy,SOCIAL_ACCOUNT,A,US,yemen,"en,ar",x,"Prolific English-language commentator on the Houthis, the military situation and the humanitarian toll; widely read by journalists and diplomats.",x_followers=47000 (2026-10) https://twstalker.com/omeisy,"regional_importance=low; cited_by_other_media=low; historical_importance=low; Citation by other media was not measured; account active since 2011 with 44,000 posts (mirror).; https://twstalker.com/omeisy","daily 44,000 posts; recent posts examine military operations, Houthi capabilities and civilian casualties.",none Independent analyst; selected for audience.,none_documented,,none_documented,unknown,41.7,reach=16.7; yemen_coverage=25; regional_importance=0; cited_by_other_media=0; historical_importance=0; indicators=5,not assessed,0.5,"Checked his X bio (conflict analyst, advisory roles at peacebuilding groups); no Yemeni party or state affiliation documented.",,2026-10-04,,x:omeisy,False
adam-baron,Adam Baron,SOCIAL_ACCOUNT,A,US,north_america,en,x,Veteran Yemen analyst and former journalist whose posts are followed by diplomats and reporters.,x_followers=22000 (2026-10) https://twstalker.com/adammbaron,regional_importance=low; cited_by_other_media=low; historical_importance=low; Citation by other media was not measured.; https://twstalker.com/adammbaron,"weekly Bio names Yemen and the Gulf as his advisory focus; 18,000 posts since 2009 (mirror).",none Analyst; selected for audience.,none_documented,,none_documented,unknown,28.4,reach=13.4; yemen_coverage=15; regional_importance=0; cited_by_other_media=0; historical_importance=0; indicators=5,not assessed,0.5,Checked his X bio: adviser at a mediation NGO and a think-tank fellow; no party or state affiliation documented.,,2026-10-04,,x:adammbaron,False
fatima-alasrar,Fatima Alasrar,SOCIAL_ACCOUNT,A,US,north_america,"en,ar",x,"Yemeni analyst whose commentary on the Houthis, Iran and the anti-Houthi camp appears in Foreign Policy and the Washington Report.",x_followers=21400 (2026-10) https://en.rattibha.com/YemeniFatima,regional_importance=low; cited_by_other_media=low; historical_importance=low; Bio lists Foreign Policy and the Washington Report on Middle East Affairs; citation by other media not measured.; https://en.rattibha.com/YemeniFatima,weekly Bio: researcher and author on #Yemen and #Iran.,none Analyst; selected for audience.,none_documented,,none_documented,unknown,28.3,reach=13.3; yemen_coverage=15; regional_importance=0; cited_by_other_media=0; historical_importance=0; indicators=5,not assessed,0.4,"Checked her X bio (think-tank scholar); no Yemeni party or state affiliation documented. Her posts criticise the Houthis and Iran, but no source classifies her.",,2026-10-04,,x:YemeniFatima,False
iona-craig,Iona Craig,SOCIAL_ACCOUNT,A,GB,europe,en,x,"Prize-winning Yemen reporter whose posts and investigations (drone strikes, civilian casualties, the war economy) are widely cited.",x_followers=46000 (2026-10) https://twstalker.com/search/Iona%20Craig,"regional_importance=low; cited_by_other_media=medium; historical_importance=medium; Wikipedia lists the Martha Gellhorn Prize (2014), the Orwell Prize (2016) and the George Polk Award (2018) for her Yemen reporting.; https://en.wikipedia.org/wiki/Iona_Craig",weekly Bio: 'Journalist. Mostly Yemen/Arabian Peninsula.',none Independent journalist; selected for audience.,none_documented,,none_documented,unknown,41.6,reach=16.6; yemen_coverage=15; regional_importance=0; cited_by_other_media=5; historical_importance=5; indicators=5,not assessed,0.5,"Checked Wikipedia and her X bio: freelance journalist for The Times, Intercept, Foreign Policy and others; no party or state affiliation documented.",https://en.wikipedia.org/wiki/Iona_Craig,2026-10-04,,x:ionacraig,False
afrah-nasser,Afrah Nasser,SOCIAL_ACCOUNT,A,US,yemen,"ar,en",x,"Yemeni journalist-researcher whose commentary on UN mediation, women-led protests and civil society reaches an Arabic- and English-speaking audience.",x_followers=64000 (2026-10) https://twstalker.com/search/Afrah%20Nasser,regional_importance=low; cited_by_other_media=low; historical_importance=medium; Press-freedom awardee and past UN envoy-office staff (X bio); citation by other media not measured.; https://twstalker.com/search/Afrah%20Nasser,"weekly Her posts and research concern Yemen: UN mediation, protests in Sanaa and Aden, environmental crises.",none Researcher-journalist; selected for audience.,none_documented,,none_documented,unknown,38.1,reach=18.1; yemen_coverage=15; regional_importance=0; cited_by_other_media=0; historical_importance=5; indicators=5,not assessed,0.5,"Checked her X bio (think-tank fellow, ex-UN and HRW staff, press-freedom awardee); no party or state affiliation documented.",,2026-10-04,,x:Afrahnasser,False
ahmed-nagi,Ahmed Nagi,SOCIAL_ACCOUNT,A,TR,yemen,"ar,en",x,"Crisis Group's Yemen analyst; his conflict analysis of the Houthis, the south and the PLC is cited by diplomats and media.",x_followers=12000 (2026-10) https://twstalker.com/search/Ahmed%20Nagi,regional_importance=low; cited_by_other_media=medium; historical_importance=low; Crisis Group's Yemen analysis is a standard reference for policymakers and media.; https://www.crisisgroup.org/who-we-are/people/ahmed-nagi,"weekly Crisis Group profile: covers conflict dynamics, politics, security and the regional role of Yemen; his tweets follow Houthi advances and Red Sea shipping.",low Analyst at an independent crisis-monitoring organisation.,none_documented,,none_documented,unknown,30.8,reach=10.8; yemen_coverage=15; regional_importance=0; cited_by_other_media=5; historical_importance=0; indicators=5,not assessed,0.5,Checked his Crisis Group profile: independent conflict-prevention organisation; no party or state affiliation documented.,https://www.crisisgroup.org/who-we-are/people/ahmed-nagi,2026-10-04,,x:AhmedNagiYE,False
ali-al-bukhaiti,Ali al-Bukhaiti,SOCIAL_ACCOUNT,A,GB,yemen,ar,x,"One of the largest Arabic-language Yemeni political accounts; debates the Houthis, the government and the coalition with a very wide audience.",x_followers=1100000 (2026-10) https://en.rattibha.com/Ali_Albukhaiti,"regional_importance=medium; cited_by_other_media=low; historical_importance=low; Citation by other media was not measured; 43,000 posts since 2011 (mirror).; https://en.rattibha.com/Ali_Albukhaiti","daily 43,300 posts since 2011; recent posts are Yemeni political debates (profile directory).",none No office; selected for audience.,none_documented,,none_documented,unknown,63.4,reach=30.4; yemen_coverage=25; regional_importance=8; cited_by_other_media=0; historical_importance=0; indicators=5,not assessed,0.3,"Checked only his X bio and the profile directory: no current party or state role is stated. His position has changed over time and no watchdog or academic source was read, so no camp is assigned.",,2026-10-04,,x:Ali_Albukhaiti,False
hani-mashhour,Hani Mashhour,SOCIAL_ACCOUNT,A,AE,yemen,ar,x,High-reach commentator on southern Yemen and Saudi-Houthi relations; his February 2026 posts argue Riyadh shifted towards understanding with the Houthis.,x_followers=399800 (2026-10) https://en.rattibha.com/hsom67,"regional_importance=low; cited_by_other_media=low; historical_importance=low; Citation by other media was not measured; 43,000 posts since 2013 (mirror).; https://x.com/hsom67/status/2022653982926340492","daily 43,400 posts; his content focuses on Yemen's south, the STC and Saudi policy (mirror and profile directory).",none No office; selected for audience.,none_documented,,none_documented,unknown,51.0,reach=26.0; yemen_coverage=25; regional_importance=0; cited_by_other_media=0; historical_importance=0; indicators=5,not assessed,0.3,"Checked his X bio and a February 2026 post critical of Saudi policy; no watchdog or academic source on his affiliation was read, so no camp is assigned.",,2026-10-04,,x:hsom67,False
yahya-saree,Yahya Saree,SOCIAL_ACCOUNT,B,YE,yemen,ar,telegram,"The voice through which the Houthi forces announce missile, drone and naval operations, now including claimed strikes on Saudi targets; his announcements are carried by wire and regional media.",telegram_subscribers=261000 (2026-10) https://t.me/s/army21ye,"regional_importance=high; cited_by_other_media=high; historical_importance=medium; Reported by L'Orient-Le Jour and Lebanese news feeds in August 2026 (Marib and Mocha strikes, 12 Aug 2026); his X account has been suspended repeatedly, most recently in 2026 (Wikipedia).; https://live.libnanews.com/event/ev-1786511829961-a1eb; https://today.lorientlejour.com/article/1543740/houthis-say-attacks-on-yemen-forces-response-to-saudi-military-buildup.html; https://en.wikipedia.org/wiki/Yahya_Saree",daily The channel's recent posts are military statements on strikes against Saudi targets and air-defence engagements; Saree announced strikes on Marib and Mocha on 12 Aug 2026.,"high Official spokesman of the Sanaa authorities' armed forces. His statements are claims by a party to the conflict, not verified facts.",ansar_allah,"Military spokesman, Sanaa armed forces",iran_axis,movement_aligned,59.2,"reach=24.2; yemen_coverage=25; not_scored=['regional_importance', 'historical_importance']; cited_by_other_media=10; indicators=3",not assessed,0.9,The channel presents him as the official spokesman of the armed forces of the Ansar Allah-led authorities; Wikipedia lists his post. Iran-axis label from reporting on the Houthis as Iran's ally (about 0.7).,https://t.me/s/army21ye https://en.wikipedia.org/wiki/Yahya_Saree https://en.wikipedia.org/wiki/Houthis,2026-10-04,telegram_public,telegram:army21ye x:army21yemen,True
ahmed-obaid-bin-daghr,Ahmed Obaid bin Daghr,SOCIAL_ACCOUNT,A,YE,yemen,ar,x,Senior government-camp politician with a very large following; his posts frame the Shura Council's and the government's positions on military operations and territorial recovery.,x_followers=818000 (2026-10) https://twstalker.com/search/ahmedbindaghar,regional_importance=medium; cited_by_other_media=medium; historical_importance=medium; Former prime minister; the New Arab noted the Shura Council speakership is honorary.; https://en.wikipedia.org/wiki/Ahmed_Obeid_bin_Daghr,weekly The account's recent posts relay Shura Council statements on military operations and territorial recovery (profile directory).,"low Shura Council speaker (Wikipedia); the council is an honorary, powerless body, so institutional weight is low despite his rank.",plc_government,Shura Council speaker; GPC background (Wikipedia),saudi,state_aligned,62.1,reach=29.1; yemen_coverage=15; regional_importance=8; cited_by_other_media=5; historical_importance=5; indicators=5,not assessed,0.7,Holds a state office under the PLC government (account bio); Wikipedia records past membership of the GPC and the Yemeni Socialist Party. Saudi label from the PLC government's Saudi backing.,https://en.wikipedia.org/wiki/Ahmed_Obeid_bin_Daghr https://en.wikipedia.org/wiki/Presidential_Leadership_Council,2026-10-04,,x:ahmedbindaghar,False
abdulmalik-al-mekhlafi,Abdulmalik al-Mekhlafi,SOCIAL_ACCOUNT,B,YE,yemen,"ar,en",x,"Senior figure of the government camp, close to the Taiz front, who comments on military and political developments.",x_followers=512000 (2026-10) https://twstalker.com/search/almekhlafi59,regional_importance=medium; cited_by_other_media=medium; historical_importance=medium; Former foreign minister; citation by other media not measured.; https://twstalker.com/search/almekhlafi59,"weekly Profile directory: frequent comments on Yemeni political and military matters, notably Taiz.",medium Presidential adviser and deputy head of the reconciliation commission (account bio).,plc_government,Adviser to the PLC chairman; Taiz,saudi,state_aligned,47.1,"reach=27.1; yemen_coverage=15; not_scored=['regional_importance', 'historical_importance']; cited_by_other_media=5; indicators=3",not assessed,0.7,Account bio gives an adviser post to the head of state in the PLC government; Saudi label from that government's Saudi backing.,https://en.wikipedia.org/wiki/Presidential_Leadership_Council,2026-10-04,,x:almekhlafi59,False
ali-mohsen-al-ahmar,Ali Mohsen al-Ahmar,SOCIAL_ACCOUNT,A,XX,yemen,ar,x,Senior military and political figure of the anti-Houthi camp for two decades; his posts mark national occasions and signal positions of the old republican elite.,x_followers=706000 (2026-10) https://twstalker.com/search/alimohsnalahmar,regional_importance=medium; cited_by_other_media=medium; historical_importance=high; Wikipedia records his removal as vice-president on 7 April 2022; he remains a reference figure in the government camp.; https://en.wikipedia.org/wiki/Ali_Mohsen_al-Ahmar,"monthly The account posts occasionally; the profile directory shows an anniversary post for the 26 September revolution (64th anniversary, 2026).",low No current office; former vice-president.,none_documented,Former vice-president; GPC member (Wikipedia),none_documented,unknown,59.5,reach=28.5; yemen_coverage=8; regional_importance=8; cited_by_other_media=5; historical_importance=10; indicators=5,not assessed,0.4,"Checked Wikipedia: former GPC member and vice-president, removed in April 2022; no current party role or state sponsor was read in the sources available, so no camp is assigned.",https://en.wikipedia.org/wiki/Ali_Mohsen_al-Ahmar,2026-10-04,,x:alimohsnalahmar,False
radhya-al-mutawakel,Radhya al-Mutawakel,SOCIAL_ACCOUNT,A,YE,yemen,"en,ar",x,"Head of Yemen's main independent human-rights documentation group; her posts report detentions, disappearances and civilian casualties, notably in Houthi-held Sanaa.",x_followers=31000 (2026-10) https://twstalker.com/search/RAlmutawakel,regional_importance=low; cited_by_other_media=low; historical_importance=medium; Citation of Mwatana by other media was not measured here.; https://twstalker.com/search/RAlmutawakel,"weekly Profile directory: posts on arbitrary detention, forced disappearance and civilian harm in Yemen.",low Head of a human-rights NGO; selected for influence.,none_documented,,none_documented,unknown,34.9,reach=14.9; yemen_coverage=15; regional_importance=0; cited_by_other_media=0; historical_importance=5; indicators=5,not assessed,0.5,Checked her X bio and post summary: heads a human-rights NGO that documents abuses by several parties; no party or state affiliation documented.,,2026-10-04,,x:RAlmutawakel,False
basheer-al-harethi,Basheer al-Harethi,SOCIAL_ACCOUNT,A,YE,yemen,ar,x,Large Arabic-language Yemeni journalist account that comments on Yemeni politics alongside cultural and historical content.,x_followers=361000 (2026-10) https://twstalker.com/search/balharithy,regional_importance=low; cited_by_other_media=low; historical_importance=low; Citation by other media not measured.; https://twstalker.com/search/balharithy,"weekly Profile directory: commentary on Yemeni politics mixed with cultural, sports and genealogy podcast content, so Yemen politics is not the only subject.",none Journalist; selected for audience.,independent,Self-described independent,none_documented,unknown,40.6,reach=25.6; yemen_coverage=15; regional_importance=0; cited_by_other_media=0; historical_importance=0; indicators=5,not assessed,0.3,His own bio calls him an independent Yemeni journalist; no outside source on his editorial lean was read.,https://twstalker.com/search/balharithy,2026-10-04,,x:balharithy,False
salem-al-khanbashi,Salem al-Khanbashi,SOCIAL_ACCOUNT,B,YE,yemen,ar,x,"Governor of Hadramawt, the province at the centre of the December 2025 crisis, who joined the PLC when the STC members were removed; his account reports local governance and security.",x_followers=9000 (2026-10) https://twstalker.com/search/%D8%B3%D8%A7%D9%84%D9%85%20%D8%A7%D9%84%D8%AE%D9%86%D8%A8%D8%B4%D9%8A,regional_importance=medium; cited_by_other_media=low; historical_importance=low; Wikipedia's PLC article lists him as appointed on 15 January 2026 to replace an STC member.; https://en.wikipedia.org/wiki/Presidential_Leadership_Council,"weekly Profile directory: posts on Hadramawt projects, electricity, border security and meetings with diplomats.","high PLC member and governor of Hadramawt (Wikipedia, 2026).",plc_government,Hadramawt governor; PLC member since Jan 2026,saudi,state_aligned,24.5,"reach=9.5; yemen_coverage=15; not_scored=['regional_importance', 'historical_importance']; cited_by_other_media=0; indicators=3",not assessed,0.8,Serving PLC member; the PLC is the Saudi-backed internationally recognised government and his appointment followed the Saudi-backed counter-offensive against the STC.,https://en.wikipedia.org/wiki/Presidential_Leadership_Council,2026-10-04,,x:alkhnbshys3,False
mahmoud-al-subaihi,Mahmoud al-Subaihi,SOCIAL_ACCOUNT,B,YE,yemen,ar,x,Southern general who joined the PLC when the STC members were removed in January 2026; his account carries the council's military and southern messaging.,x_followers=12000 (2026-10) https://twstalker.com/search/%D9%85%D8%AD%D9%85%D9%88%D8%AF%20%D8%A7%D9%84%D8%B5%D8%A8%D9%8A%D8%AD%D9%8A,regional_importance=medium; cited_by_other_media=low; historical_importance=low; Wikipedia's PLC article lists him as appointed on 15 January 2026; southern critics attack him on X (profile directory).; https://en.wikipedia.org/wiki/Presidential_Leadership_Council,monthly Account bio gives his PLC post; posting frequency not measured.,"high PLC member (Wikipedia, 2026).",plc_government,PLC member since Jan 2026,saudi,state_aligned,18.8,"reach=10.8; yemen_coverage=8; not_scored=['regional_importance', 'historical_importance']; cited_by_other_media=0; indicators=3",not assessed,0.8,Serving PLC member appointed after the Saudi-backed counter-offensive against the STC.,https://en.wikipedia.org/wiki/Presidential_Leadership_Council,2026-10-04,,x:malsubihi1,False
abu-zaraa-al-mahrami,Abu Zaraa al-Mahrami,SOCIAL_ACCOUNT,B,YE,yemen,ar,x,Commander of the UAE-backed Giants Brigades and PLC member; his position in the Saudi-UAE dispute over the south matters for the camp's cohesion.,x_followers=47000 (2026-10) https://twstalker.com/search/%D8%A3%D8%A8%D9%88%20%D8%B2%D8%B1%D8%B9%D8%A9%20%D8%A7%D9%84%D9%85%D8%AD%D8%B1%D9%85%D9%8A,regional_importance=medium; cited_by_other_media=medium; historical_importance=low; Basha Report (Feb 2025) calls him a UAE ally; Wikipedia's PLC table lists him as a member leading the UAE-backed Giants Brigades.; https://x.com/BashaReport/status/1892250094239383682; https://en.wikipedia.org/wiki/Presidential_Leadership_Council,monthly Account bio: 'official account of a PLC member'; posting frequency not measured.,"high PLC member (Wikipedia, 2026) and commander of the Giants Brigades.",plc_government,PLC member; Giants Brigades commander,uae,state_aligned,29.7,"reach=16.7; yemen_coverage=8; not_scored=['regional_importance', 'historical_importance']; cited_by_other_media=5; indicators=3",not assessed,0.6,Serving PLC member; Wikipedia and Basha Report describe his Giants Brigades as UAE-backed. UAE label is low confidence because Saudi-UAE relations changed after January 2026.,https://en.wikipedia.org/wiki/Presidential_Leadership_Council https://x.com/BashaReport/status/1892250094239383682,2026-10-04,,x:AbuZar3a,False
nasr-al-din-amer,Nasr al-Din Amer,SOCIAL_ACCOUNT,B,YE,yemen,ar,x,Senior Houthi media official who runs the Sanaa-side news agency; his account amplifies the movement's narratives.,x_followers=449000 (2026-10) https://twstalker.com/search/%D9%86%D8%B5%D8%B1%20%D8%A7%D9%84%D8%AF%D9%8A%D9%86%20%D8%B9%D8%A7%D9%85%D8%B1,regional_importance=low; cited_by_other_media=low; historical_importance=low; Citation by other media not measured; critics and supporters both engage with his posts (profile directory).; https://twstalker.com/search/%D9%86%D8%B5%D8%B1%20%D8%A7%D9%84%D8%AF%D9%8A%D9%86%20%D8%B9%D8%A7%D9%85%D8%B1,weekly Posts relay Houthi positions; frequency not measured.,"medium Head of the board of Saba (Sanaa), the news agency of the Sanaa authorities (see saba-sanaa record).",ansar_allah,Media Authority deputy head; Saba (Sanaa) board chairman,iran_axis,movement_aligned,41.5,"reach=26.5; yemen_coverage=15; not_scored=['regional_importance', 'historical_importance']; cited_by_other_media=0; indicators=3",not assessed,0.85,His bio names him deputy head of the Ansar Allah media authority and head of Saba's board. Iran-axis label from reporting on the Houthis as Iran's ally (about 0.7).,https://en.wikipedia.org/wiki/Houthis,2026-10-04,,x:Nasr_Amer1,False
hezam-al-asad,Hezam al-Asad,SOCIAL_ACCOUNT,B,YE,yemen,"ar,he",x,"Houthi political-bureau member whose posts, including Hebrew-language threats, are widely quoted by Israeli and international media.",x_followers=143000 (2026-10) https://twstalker.com/search/%D8%AD%D8%B2%D8%A7%D9%85%20%D8%A7%D9%84%D8%A3%D8%B3%D8%AF,"regional_importance=low; cited_by_other_media=medium; historical_importance=low; Ynet reported over 117,000 followers in March 2025 and quotes his posts; Iran International quoted him on 22 Jun 2025 as a political-bureau member.; https://ynetnews.com/article/skxkm1xtjl; https://www.iranintl.com/en/202506226808","weekly Profile directory: posts on Taiz, military operations and Saudi operations.","medium Political-bureau member (Iran International, 2025).",ansar_allah,Political bureau member,iran_axis,movement_aligned,41.6,"reach=21.6; yemen_coverage=15; not_scored=['regional_importance', 'historical_importance']; cited_by_other_media=5; indicators=3",not assessed,0.85,Iran International identifies him as a member of the Houthi political bureau. Iran-axis label from reporting on the Houthis as Iran's ally (about 0.7).,https://www.iranintl.com/en/202506226808 https://en.wikipedia.org/wiki/Houthis,2026-10-04,,x:hezamalasad,False
amr-bin-habrish,Amr bin Habrish,SOCIAL_ACCOUNT,B,YE,yemen,ar,x,Leader of the Hadramawt tribal movement that opposed the STC's December 2025 advance and demands Hadrami self-rule; his statements shape the Hadramawt camp.,x_followers=17000 (2026-10) https://twstalker.com/search/%D8%B9%D9%85%D8%B1%D9%88%20%D8%A8%D9%86%20%D8%AD%D8%A8%D8%B1%D9%8A%D8%B4,regional_importance=low; cited_by_other_media=medium; historical_importance=low; Wikipedia describes a PLC-Hadramawt Tribal Alliance counter-offensive that reversed the STC's December 2025 gains; the profile directory shows wide discussion of his statements.; https://en.wikipedia.org/wiki/Southern_Transitional_Council; https://twstalker.com/search/%D8%B9%D9%85%D8%B1%D9%88%20%D8%A8%D9%86%20%D8%AD%D8%A8%D8%B1%D9%8A%D8%B4,"weekly Hadramawt politics; the profile directory shows recurring discussion of his statements, though some users report restrictions on his movement.",medium Chief of the Hadramawt Tribal Alliance (bio); no national office.,hadramawt,Hadramawt Tribal Alliance,none_documented,movement_aligned,32.3,"reach=12.3; yemen_coverage=15; not_scored=['regional_importance', 'historical_importance']; cited_by_other_media=5; indicators=3",not assessed,0.7,His bio names him head of the Hadramawt Tribal Alliance and Hadramawt Inclusive Conference. No foreign sponsor was documented in the sources read.,https://twstalker.com/search/%D8%B9%D9%85%D8%B1%D9%88%20%D8%A8%D9%86%20%D8%AD%D8%A8%D8%B1%D9%8A%D8%B4,2026-10-04,,x:AmarBinhabresh,False
hani-bin-braik,Hani bin Braik,SOCIAL_ACCOUNT,B,XX,yemen,ar,x,Prominent southern separatist figure with a large following whose posts attack Islah and defend the southern cause.,x_followers=632000 (2026-10) https://twstalker.com/search/HaniBinbrek,regional_importance=medium; cited_by_other_media=medium; historical_importance=medium; Citation by other media not measured; the account has been a principal STC-leadership voice on X.; https://twstalker.com/search/HaniBinbrek,weekly Profile directory: recent posts on Islamists and national defence; frequency not measured.,"medium STC presidency vice-chairman by his own bio; the council's dissolution (9 Jan 2026) is disputed (Wikipedia, Southern Transitional Council).",stc,STC presidency vice-chairman (self-described),uae,movement_aligned,48.0,"reach=28.0; yemen_coverage=15; not_scored=['regional_importance', 'historical_importance']; cited_by_other_media=5; indicators=3",not assessed,0.75,His bio names him vice-chairman of the STC presidency; Wikipedia describes the STC as UAE-backed.,https://en.wikipedia.org/wiki/Southern_Transitional_Council,2026-10-04,,x:HaniBinbrek,False
sultan-al-barakani,Sultan al-Barakani,SOCIAL_ACCOUNT,B,YE,yemen,ar,x,Head of the legislature of the government camp and leading GPC politician; his account carries parliamentary and party positions.,x_followers=334000 (2026-10) https://twstalker.com/search/%D8%B3%D9%84%D8%B7%D8%A7%D9%86%20%D8%A7%D9%84%D8%A8%D8%B1%D9%83%D8%A7%D9%86%D9%8A,"regional_importance=low; cited_by_other_media=low; historical_importance=medium; Elected speaker in Seiyun in 2019, the first session of the recognised parliament since 2015 (Wikipedia).; https://en.wikipedia.org/wiki/Sultan_al-Barakani",monthly Official account of the speaker; posting frequency not measured.,high Speaker of the House of Representatives (Wikipedia; account bio).,gpc_plc,GPC; parliament speaker,saudi,state_aligned,33.2,"reach=25.2; yemen_coverage=8; not_scored=['regional_importance', 'historical_importance']; cited_by_other_media=0; indicators=3",not assessed,0.7,"Wikipedia gives him as a General People's Congress politician and speaker of the recognised parliament, which sits under the Saudi-backed government. Saudi label inferred from that setting.",https://en.wikipedia.org/wiki/Sultan_al-Barakani,2026-10-04,,x:AlbarkaniS,False
al-jazeera-arabic,Al Jazeera Arabic,MEDIA,A,QA,gulf,ar,tv,Most-watched pan-Arab news channel; runs a dedicated Yemen section that published several Yemen items a day in October 2026.,youtube_subscribers=23100000 (2026-10) https://vidiq.com/youtube-stats/top/country/qa; youtube_subscribers=20000000 (2025-03) https://network.aljazeera.net/en/press-releases/al-jazeera-arabic%E2%80%99s-channel-youtube-surpasses-20-million-subscribers; monthly_visits=21530000 (2026-08) https://semrush.com/website/aljazeera.net/overview,"regional_importance=high; cited_by_other_media=high; historical_importance=high; Al Jazeera's Yemen bureau was closed by Yemeni authorities in 2018 and its reporting on the war has been the subject of academic study, which shows its weight in Yemen discourse.; https://www.aljazeera.com/news/2018/1/9/al-jazeera-bureau-in-yemen-forcibly-closed; https://arabmediasociety.com/the-qatari-crisis-and-al-jazeeras-coverage-of-the-war-in-yemen/",daily Dedicated Yemen section (أخبار اليمن); eight Yemen items dated 3-4 October 2026 on the section page.,"none News outlet, selected for audience.",none_documented,,qatar,state_aligned,100.0,reach=40.0; yemen_coverage=25; regional_importance=15; cited_by_other_media=10; historical_importance=10; indicators=5,not assessed,0.85,"State Media Monitor (2024-2026 cycles) classifies Al Jazeera Media Network as State-Controlled: fully owned by the Emir of Qatar, state allocations often above 90% of funding; the US Department of Justice also determined it is controlled and funded by the government of Qatar. Yemen lean checked: Gasim (2018, Arab Media & Society) found coverage of the Saudi-led coalition turned sharply more negative after the 2017 Gulf crisis, a Qatari state-interest effect; no reputable source found documenting backing of a specific Yemeni camp.",https://statemediamonitor.com/2024/07/al-jazeera-media-network-ajmn/ https://en.wikipedia.org/wiki/Al_Jazeera_Media_Network https://arabmediasociety.com/the-qatari-crisis-and-al-jazeeras-coverage-of-the-war-in-yemen/,2026-10-04,"rss,telegram_public",x:AJArabic youtube:aljazeera telegram:AjaNews facebook:aljazeerachannel,True
al-jazeera-english,Al Jazeera English,MEDIA,A,QA,gulf,en,tv,"Global English-language news channel with a dedicated Yemen page and daily Yemen reporting, including explainers and on-the-ground features during the 2026 fighting.",youtube_subscribers=18000000 (2026-10) https://vidiq.com/youtube-stats/top/country/qa; monthly_visits=52120000 (2026-08) https://de.semrush.com/website/aljazeera.com/overview/,regional_importance=high; cited_by_other_media=high; historical_importance=high; Its Yemen war coverage is the subject of academic content analysis (Gasim 2018).; https://arabmediasociety.com/the-qatari-crisis-and-al-jazeeras-coverage-of-the-war-in-yemen/,"daily Dedicated Yemen page; seven Yemen stories dated 2-4 October 2026 (e.g. ""Why is fighting intensifying in Yemen's Taiz governorate?"").","none News outlet, selected for audience.",none_documented,,qatar,state_aligned,100.0,reach=40.0; yemen_coverage=25; regional_importance=15; cited_by_other_media=10; historical_importance=10; indicators=5,not assessed,0.85,"Part of Al Jazeera Media Network, which State Media Monitor classifies as State-Controlled (owned by the Emir of Qatar, mostly state-funded). Yemen lean checked: Gasim (2018) content analysis of Al Jazeera English found a sharp rise in negative coverage of the Saudi-led coalition after June 2017; no source found documenting backing of a specific Yemeni camp.",https://statemediamonitor.com/2024/07/al-jazeera-media-network-ajmn/ https://en.wikipedia.org/wiki/Al_Jazeera_Media_Network https://arabmediasociety.com/the-qatari-crisis-and-al-jazeeras-coverage-of-the-war-in-yemen/,2026-10-04,rss,x:AJEnglish youtube:aljazeeraenglish instagram:aljazeeraenglish,True
al-arabiya,Al Arabiya,MEDIA,A,SA,gulf,"ar,en",tv,Leading Saudi-owned pan-Arab news channel with a dedicated Yemen section updated several times a day and a correspondent network inside Yemen.,youtube_subscribers=19300000 (2026-10) https://socialblade.com/youtube/handle/alarabiya; monthly_visits=9970000 (2026-08) https://www.semrush.com/website/alarabiya.net/overview/,"regional_importance=high; cited_by_other_media=high; historical_importance=high; Its Yemen reporting is studied academically alongside IRNA Arabic as one pole of the regional media contest over Yemen; an Al Arabiya / Al Hadath reporter, Mohammed Aydah, was killed by a car bomb in Mukalla in June 2026.; https://journal.uinjkt.ac.id/index.php/litteratura/article/view/39420; https://www.khaleejtimes.com/world/mena/saudi-arabia-al-arabiya-tv-reporter-killed-car-bomb-yemen?amp=1","daily Dedicated Yemen archive; ten Yemen items in the 24 hours to 4 October 2026. The English site has a Yemen tag with about 5,000 items, but it was last updated in January 2026.","none News outlet, selected for audience.",plc_government,,saudi,state_aligned,100.0,reach=40.0; yemen_coverage=25; regional_importance=15; cited_by_other_media=10; historical_importance=10; indicators=5,not assessed,0.8,"Owned by MBC Group, in which Saudi Arabia's Public Investment Fund holds a controlling 54% stake (2025); State Media Monitor classifies MBC as Captured Public/State-Managed and says its editorial direction aligns closely with official Saudi positions. Yemen lean: Rahman and Abubakar (2024) critical discourse analysis found Al-Arabiya.net showed 'a negative bias towards the Houthi group while supporting the Yemeni government' (then led by Hadi, now the PLC).",https://statemediamonitor.com/2026/06/middle-east-broadcasting-center-mbc/ https://en.wikipedia.org/wiki/Al_Arabiya https://journal.uinjkt.ac.id/index.php/litteratura/article/view/39420,2026-10-04,telegram_public,x:AlArabiya youtube:alarabiya telegram:alarabiya facebook:AlArabiya x:AlArabiya_Eng,True
al-hadath,Al Hadath,MEDIA,A,SA,gulf,ar,tv,Saudi-owned 24-hour political news channel (Al Arabiya's sister) with a dedicated Yemen section updated daily during the 2026 fighting.,youtube_subscribers=6940000 (2026-10) https://vidiq.com/youtube-stats/channel/UCrj5BGAhtWxDfqbza9T9hqA/,"regional_importance=high; cited_by_other_media=medium; historical_importance=medium; Wikipedia notes it runs country-specific social pages, including an Al Hadath Yemen page on X.; https://en.wikipedia.org/wiki/Al_Hadath",daily Dedicated Yemen section; seven Yemen items dated 3-4 October 2026.,"none News outlet, selected for audience.",none_documented,,saudi,state_aligned,88.4,reach=38.4; yemen_coverage=25; regional_importance=15; cited_by_other_media=5; historical_importance=5; indicators=5,not assessed,0.75,"Owned by MBC Group (PIF holds 54%); State Media Monitor lists Al Arabiya and Al Hadath as common-control news operations of MBC, which it classifies as Captured Public/State-Managed with editorial direction aligned with official Saudi positions. Yemen lean checked: the academic finding of pro-government framing concerns Al-Arabiya.net; no study found on Al Hadath itself, so no Yemen camp is assigned.",https://statemediamonitor.com/2026/06/middle-east-broadcasting-center-mbc/ https://en.wikipedia.org/wiki/Al_Hadath,2026-10-04,,x:AlHadath youtube:AlHadath facebook:AlHadath instagram:alhadath,False
asharq-al-awsat,Asharq Al-Awsat,MEDIA,A,GB,gulf,"ar,en",website,"Saudi-owned pan-Arab daily of record with a dedicated Yemen tag carrying several Yemen stories a day, including exclusive comment from the coalition.",monthly_visits=5550000 (2024-04) https://www.semrush.com/website/alaraby.co.uk/competitors/,"regional_importance=high; cited_by_other_media=high; historical_importance=high; Wikipedia calls it historically the leading pan-Arab daily (circulation 234,561 in 2004); its Yemen desk obtains on-record coalition statements (e.g. 3 October 2026).; https://en.wikipedia.org/wiki/Asharq_Al-Awsat",daily Yemen location tag; eight Yemen items between 3 and 4 October 2026.,"none News outlet, selected for audience.",none_documented,,saudi,state_aligned,97.4,reach=37.4; yemen_coverage=25; regional_importance=15; cited_by_other_media=10; historical_importance=10; indicators=5,not assessed,0.8,"Published by Saudi Research and Media Group, which Wikipedia says has close ties to the Mohammed bin Salman government and is considered a government outlet in the West; Wikipedia says the paper was founded with the approval of the royal family and is noted for its support of the Saudi government. Yemen lean checked: Wikipedia and the SRMG article; no academic or watchdog source on its Yemen framing was found (search budget ran out), so no Yemen camp is assigned.",https://en.wikipedia.org/wiki/Asharq_Al-Awsat https://en.wikipedia.org/wiki/Saudi_Research_and_Media_Group,2026-10-04,rss,x:aawsat_News facebook:asharqalawsat.a instagram:asharqalawsat tiktok:aawsat_news,True
sky-news-arabia,Sky News Arabia,MEDIA,A,AE,gulf,ar,tv,"Abu Dhabi-based 24-hour Arabic news channel, now fully UAE-owned, with a Yemen news category that carried several Yemen stories a day in October 2026.",youtube_subscribers=7360000 (2026-10) https://socialblade.com/youtube/handle/skynewsarabia; tv_reach=50000000 (2012-05) https://en.wikipedia.org/wiki/Sky_News_Arabia,"regional_importance=high; cited_by_other_media=medium; historical_importance=medium; Its editorial line drew controversy (Sudan ban in November 2025; Sky's exit from the joint venture on 31 May 2026), per Wikipedia.; https://en.wikipedia.org/wiki/Sky_News_Arabia","daily The Middle East section labels Yemen items 'أخبار اليمن'; on 4 October 2026 it showed four Yemen stories (Houthi claim on Aramco, Bab al-Mandab, Saudi missile interceptions, more than 80 killed in Taiz).","none News outlet, selected for audience.",none_documented,,uae,state_aligned,90.0,reach=40.0; yemen_coverage=25; regional_importance=15; cited_by_other_media=5; historical_importance=5; indicators=5,not assessed,0.8,"Wikipedia: a 50/50 joint venture of Sky and International Media Investments (a UAE government entity) from 2012; Sky withdrew on 31 May 2026, leaving it wholly UAE-owned; Wikipedia records coverage controversies tied to UAE positions (Qatar 2017, Sudan 2025). Yemen lean checked: the Wikipedia controversy list has no Yemen item and no watchdog or academic source on its Yemen or STC framing was found, so no Yemen camp is assigned.",https://en.wikipedia.org/wiki/Sky_News_Arabia,2026-10-04,rss,x:skynewsarabia youtube:skynewsarabia facebook:SkyNewsArabia instagram:skynewsarabia,True
al-ain-news,Al Ain News,MEDIA,A,AE,gulf,"ar,fa,tr,fr,am",website,"Abu Dhabi-based digital news outlet with a Yemen tag in its main navigation and several Yemen stories a day, including exclusives from Taiz and on the Southern Transitional Council.",youtube_subscribers=715000 (2026-10) https://socialblade.com/youtube/c/alainnews,"regional_importance=medium; cited_by_other_media=medium; historical_importance=medium; Publishes in five languages from Abu Dhabi, with offices in Cairo and Alexandria (own about page).; https://al-ain.com/about-us","daily Yemen (اليمن) is a main-navigation tag (https://al-ain.com/tag/21476/, which returned 404 to the fetch tool); the homepage on 4 October 2026 carried four Yemen stories.","none News outlet, selected for audience.",none_documented,,uae,state_aligned,71.5,reach=28.5; yemen_coverage=25; regional_importance=8; cited_by_other_media=5; historical_importance=5; indicators=5,not assessed,0.65,"Its about page says it is a brand of 'العالمية للاستثمارات الإعلامية منطقة حرة ذ.م.م.' (International Media Investments FZ LLC), headquartered in Abu Dhabi; Wikipedia's article on The National describes International Media Investments as a subsidiary of Abu Dhabi Media Investment Corporation, owned by Mansour bin Zayed Al Nahyan (UAE Vice President). The match of the Arabic company name to IMI is our reading, hence the lower confidence. Yemen lean checked: no watchdog or academic source on its Yemen framing found, so no Yemen camp is assigned.",https://al-ain.com/about-us https://en.wikipedia.org/wiki/The_National_(Abu_Dhabi),2026-10-04,telegram_public,x:AlAinNews youtube:AlAinNews facebook:AlAinNews instagram:AlAinNews tiktok:alainnews telegram:alain4u,True
al-araby-al-jadeed,Al-Araby Al-Jadeed,MEDIA,A,GB,gulf,ar,website,"London-based, Qatari-owned pan-Arab daily with a Yemen section in its navigation and several Yemen stories a day during the 2026 fighting.",youtube_subscribers=226000 (2026-10) https://vidiq.com/youtube-stats/channel/UCQ2BzTiRUbL3z4K22dTB5dg,regional_importance=medium; cited_by_other_media=medium; historical_importance=medium; Founded in 2014 with the backing of Qatar's emir and directed by Azmi Bishara (Wikipedia); a leading Qatari-aligned print voice alongside Al Jazeera.; https://en.wikipedia.org/wiki/Al-Araby_Al-Jadeed,"daily Yemen section linked from the homepage (https://www.alaraby.co.uk/news/yemen, which returned 404 to the fetch tool); five Yemen headlines on the homepage on 4 October 2026.","none News outlet, selected for audience.",none_documented,,qatar,state_aligned,66.5,reach=23.5; yemen_coverage=25; regional_importance=8; cited_by_other_media=5; historical_importance=5; indicators=5,not assessed,0.7,"Wikipedia: owned by the Qatar-based Fadaat Media and founded in 2014 by Qatari emir Tamim bin Hamad Al Thani; director Azmi Bishara acknowledged sensitivity to 'the people that finance you'. Yemen lean checked: Wikipedia; no watchdog or academic source on its Yemen framing found, so no Yemen camp is assigned.",https://en.wikipedia.org/wiki/Al-Araby_Al-Jadeed,2026-10-04,rss,x:alaraby_ar youtube:العربي الجديد,True
press-tv,Press TV,MEDIA,A,IR,iran,en,tv,"Iranian state broadcaster's English-language channel, the main English outlet of the Iran-aligned axis, with frequent Yemen coverage that relays the Sanaa authorities' military statements.",telegram_subscribers=93100 (2026-10) https://t.me/s/presstv,"regional_importance=medium; cited_by_other_media=medium; historical_importance=medium; Subject of repeated Western regulatory action (Ofcom licence revoked 2012, US domain seizure 2021, OFAC SDN listing 2023, YouTube removals 2019-2020) per Wikipedia, which limits its measurable Western reach.; https://en.wikipedia.org/wiki/Press_TV","daily Three Yemen stories on the homepage dated 3 October 2026 (Aramco strike claim, 'capital for capital' warning, Ansarullah advances).",low State broadcaster; its output reflects Iranian state messaging.,none_documented,,iran_axis,state_aligned,62.7,reach=19.7; yemen_coverage=25; regional_importance=8; cited_by_other_media=5; historical_importance=5; indicators=5,not assessed,0.85,"Owned by Islamic Republic of Iran Broadcasting (IRIB), the Iranian state broadcaster (Wikipedia). Yemen lean checked: Wikipedia has no Yemen material and no watchdog or academic study of Press TV's Yemen framing was retrievable (search budget exhausted); its October 2026 headlines call Ansar Allah forces 'Yemeni forces', but that is our own observation, not a documented source, so no Yemen camp is assigned.",https://en.wikipedia.org/wiki/Press_TV,2026-10-04,"rss,telegram_public",x:PressTV telegram:presstv instagram:presstvchannel facebook:PressTV.Highlights,True
al-mayadeen,Al Mayadeen,MEDIA,A,LB,levant,"ar,en",tv,"Beirut-based pan-Arab channel of the Iran-aligned axis, with a dedicated Yemen country page and regular reports and interviews from Sanaa authorities, Saudi and Israeli strikes and the 2026 Aramco attacks.",youtube_subscribers=1540000 (2026-10) https://vidiq.com/youtube-stats/channel/UCZCFHCU-2eGF7V5ciMkoPHw; youtube_subscribers=1510000 (2026-10) https://socialblade.com/youtube/handle/almayadeennews,"regional_importance=medium; cited_by_other_media=medium; historical_importance=medium; Launched in 2012; Wikipedia records a Saudi-controlled Arabsat ban in 2015 and Israeli cabinet moves to close it in November 2023, which shows its weight in regional contests over narratives.; https://en.wikipedia.org/wiki/Al_Mayadeen; https://www.i24news.tv/en/news/middle-east/levant-turkey/1699864992-israel-s-cabinet-approves-closure-of-lebanese-al-mayadeen-network","weekly The site has a Yemen country page (almayadeen.net/country/Yemen, listed in search results; the fetch tool got a 403) and a stream of Yemen items in its news/politics section; the only dated item seen is a 31 August 2025 programme on a Houthi leader's speech. No 2026-dated Yemen item could be confirmed before the search budget ran out, so weekly is a conservative estimate.","none News outlet, selected for audience.",none_documented,,iran_axis,movement_aligned,64.9,reach=31.9; yemen_coverage=15; regional_importance=8; cited_by_other_media=5; historical_importance=5; indicators=5,not assessed,0.65,"Ownership is opaque (Wikipedia), so this is an editorial-alignment finding, not an ownership one: Wikipedia summarises several sources as describing it as pro-Hezbollah and Iran-aligned, and Media Bias/Fact Check (updated March 2024) says it is often referred to as pro-Hezbollah and believed to receive backing from Syria, Iran and possibly Hezbollah, which the channel denies. Yemen lean checked: Wikipedia and Media Bias/Fact Check do not discuss Yemen, and the 2022 Al Jazeera Institute study of Yemen war bulletins did not analyse Al Mayadeen, so no Yemen camp is assigned.",https://en.wikipedia.org/wiki/Al_Mayadeen https://mediabiasfactcheck.com/al-mayadeen-bias/,2026-10-04,,youtube:almayadeentv youtube:almayadeennews x:AlMayadeenNews,False
anadolu-agency,Anadolu Agency,MEDIA,A,TR,turkey,"tr,en,ar",wire,"Turkey's state news agency, whose English and Arabic services file frequent Yemen wire reports (Taiz front, Saudi strikes, Houthi claims) that are widely re-used by other outlets.",monthly_visits=7800000 (2026-08) https://www.semrush.com/website/aa.com.tr/overview/; youtube_subscribers=752000 (2025-01-25) https://www.wikidata.org/wiki/Q477436,regional_importance=high; cited_by_other_media=high; historical_importance=medium; Wikipedia says it operates in 13 languages in over 100 countries and runs the largest Arabic news service in the Middle East (a claim attributed to former leadership); its Yemen items are in the dated English wire stream listed below.; https://en.wikipedia.org/wiki/Anadolu_Agency,"weekly Nine Yemen wire items appeared in one search, e.g. 'Yemen's Houthi group shelled a government judicial complex in Taiz' (26 August 2026) and later items on Saudi strikes on Sanaa and the capture of the Samea fortress in Taiz. Only one item was individually dated by us, so weekly is conservative.","none News agency, selected for audience.",none_documented,,turkey,state_aligned,83.9,reach=38.9; yemen_coverage=15; regional_importance=15; cited_by_other_media=10; historical_importance=5; indicators=5,not assessed,0.85,"Wikipedia: a state-run news organisation; a 2016 academic study cited there found Turkish public news producers controlled by officials from a small network close to the AKP leadership. Yemen lean checked: Wikipedia has no Yemen material and no watchdog or academic study of its Yemen framing was found, so no Yemen camp is assigned.",https://en.wikipedia.org/wiki/Anadolu_Agency,2026-10-04,rss,x:anadoluagency facebook:anadoluagencyenglish youtube:anadoluagency instagram:anadoluagency telegram:anadoluajansi,True
reuters,Reuters,MEDIA,A,GB,global,"en,ar",wire,"The leading international wire; its Yemen dispatches (Houthi attacks on Saudi Arabia, Red Sea shipping, Yemen government statements) are syndicated across the press and are among the most-cited English-language Yemen reporting.",monthly_visits=74980000 (2026-08) https://www.semrush.com/website/reuters.com/overview/; youtube_subscribers=4330000 (2026-10) https://socialblade.com/youtube/handle/reuters,"regional_importance=high; cited_by_other_media=high; historical_importance=high; Wikipedia reports about 2,500 journalists in 165 countries and over 105 million monthly readers as of December 2024 (self-reported); Reuters copy appears verbatim in other outlets' live blogs (for example the Times of Israel, 2 October 2026).; https://en.wikipedia.org/wiki/Reuters; https://www.timesofisrael.com/liveblog_entry/houthis-say-saudis-launched-94-strikes-in-areas-in-yemen-under-their-control-in-past-24-hours/","weekly Dated Reuters wire items on Yemen include 'Houthis say they attacked Riyadh and Aramco facilities in Yanbu' (24 September 2026, reporting by Enas Alashray and Yomna Ehab) and the 2 October 2026 item on Saudi strikes carried by the Times of Israel as Reuters. Actual output during the 2026 fighting is probably higher; reuters.com was blocked to the fetch tool so its own section could not be counted.","none Wire service, selected for audience.",none_documented,,none_documented,independent,90.0,reach=40.0; yemen_coverage=15; regional_importance=15; cited_by_other_media=10; historical_importance=10; indicators=5,not assessed,0.7,"Checked: Wikipedia says Reuters is a division of Thomson Reuters, controlled by the Thomson family through Woodbridge, and is bound by the Reuters Trust Principles for independence; there is no state ownership. No watchdog or academic source documenting a Yemen camp or a foreign-state alignment was found, so none is assigned.",https://en.wikipedia.org/wiki/Reuters,2026-10-04,telegram_public,youtube:reuters telegram:ReutersWorldChannel,True
associated-press,Associated Press,MEDIA,A,US,global,"en,es,ar",wire,"US-based global wire cooperative with a long-standing Yemen bureau tradition; its Yemen dispatches (Houthi attacks on Saudi Arabia and shipping, front-line fighting) are syndicated by hundreds of outlets.",monthly_visits=71980000 (2026-07) https://www.semrush.com/website/apnews.com/overview/; youtube_subscribers=4650000 (2026-10) https://socialblade.com/youtube/handle/associatedpress,"regional_importance=high; cited_by_other_media=high; historical_importance=high; Wikipedia describes a not-for-profit cooperative with 235 bureaus in 94 countries publishing in English, Spanish and Arabic; its copy is carried verbatim by regional papers (for example the Nashua Telegraph, 21 July 2026).; https://en.wikipedia.org/wiki/Associated_Press; https://www.nashuatelegraph.com/news/business/2026/07/21/yemens-iranian-backed-houthis-say-they-will-block-saudi-shipping-at-red-sea-gateway/","weekly Dated AP item: 'Yemen's Iranian-backed Houthis say they will block Saudi shipping at Red Sea gateway' (21 July 2026, Associated Press, via Nashua Telegraph); further AP Yemen stories on Houthi attacks on government forces circulated through syndication, and AP keeps a Yemen hub page (apnews.com/hub/yemen, blocked to our fetch tool). Weekly is conservative.","none Wire service, selected for audience.",none_documented,,none_documented,independent,90.0,reach=40.0; yemen_coverage=15; regional_importance=15; cited_by_other_media=10; historical_importance=10; indicators=5,not assessed,0.7,"Checked: Wikipedia describes AP as a not-for-profit cooperative owned by member newspapers and broadcasters, with no state ownership. No watchdog or academic source documenting a Yemen camp or foreign-state alignment was found, so none is assigned.",https://en.wikipedia.org/wiki/Associated_Press,2026-10-04,,youtube:associatedpress,False
afp,Agence France-Presse,MEDIA,A,FR,global,"en,fr,ar",wire,"Global wire with a Middle East and North Africa hub and a full Arabic service; its Yemen dispatches (Saudi strikes, Houthi-run health ministry casualty counts, Taiz fighting) are re-used across Arabic, French and English media.",youtube_subscribers=2670000 (2026-10) https://socialblade.com/youtube/handle/afp,"regional_importance=high; cited_by_other_media=high; historical_importance=high; Wikipedia reports about 2,400 staff in 260 cities and 150 countries, publishing in French, English, Arabic, Portuguese, Spanish and German; AFP copy is carried by L'Orient Today and CP24 (27 September 2026).; https://en.wikipedia.org/wiki/Agence_France-Presse; https://today.lorientlejour.com/article/1548803/seven-people-killed-in-strike-on-market-in-yemen-houthi-run-health-ministry-says.html","weekly Two AFP Yemen items dated 27 September 2026 were found in syndication: 'Seven people killed in strike on market in Yemen, Houthi-run health ministry says' (L'Orient Today) and 'Houthis say Saudi strikes on Yemen's Taiz leave dozens of casualties' (CP24); L'Orient Today also ran other Houthi-Saudi items in the same weeks (agency credit not checked). afp.com itself is a corporate site, so frequency rests on syndicated copies.","none Wire service, selected for audience.",none_documented,,none_documented,mixed,84.3,reach=34.3; yemen_coverage=15; regional_importance=15; cited_by_other_media=10; historical_importance=10; indicators=5,not assessed,0.6,"Checked Wikipedia: AFP is a private organisation with special status under a 1957 law guaranteeing independence from the French government; the state sits on the board through three appointees and funds about one third of revenue (EUR 113.3 million of EUR 321.9 million in 2022) as compensation for general-interest missions plus commercial subscriptions. That is a hybrid funding model, not state ownership, so no foreign-state alignment is assigned; no source documenting a Yemen camp was found.",https://en.wikipedia.org/wiki/Agence_France-Presse,2026-10-04,,youtube:afp,False
france24-arabic,France 24 Arabic,MEDIA,A,FR,europe,ar,tv,"The Arabic service of the French state international broadcaster, reaching Yemen's neighbourhood and diaspora, with regular dated reporting on the 2026 Houthi-Saudi escalation and the Taiz front.",youtube_subscribers=4550000 (2026-10) https://socialblade.com/youtube/handle/france24_ar/achievements; monthly_visits=7910000 (2026-08) https://www.semrush.com/website/france24.com/overview/,"regional_importance=medium; cited_by_other_media=medium; historical_importance=medium; Launched in April 2007 for the Maghreb and Middle East (Wikipedia). The web-traffic figure is for the whole france24.com domain (all languages, France rank 533), not the Arabic site alone.; https://en.wikipedia.org/wiki/France_24","weekly At least ten dated Yemen items between 5 September and 4 October 2026 in one search (dates in the URLs: 20260905, 20260906, 20260907, 20260910, 20260917, 20260919, 20260927, 20260928, 20261002, 20261004), including a 4 October piece on Houthis cutting a main road to Taiz and a 2 October video on Taiz.","none News outlet, selected for audience.",none_documented,,eu,public_service,72.0,reach=39.0; yemen_coverage=15; regional_importance=8; cited_by_other_media=5; historical_importance=5; indicators=5,not assessed,0.6,"Wikipedia: France 24 is entirely owned by the French government through the state holding company France Medias Monde (full control by 2008); the same page notes critics who see a 'French vision' mandate and also editorial disputes with African governments. State ownership by an EU member state is recorded as eu alignment with moderate confidence because the broadcaster operates under editorial-independence rules; no source on a Yemen camp was found (Wikipedia has no Yemen material), so none is assigned.",https://en.wikipedia.org/wiki/France_24,2026-10-04,rss,youtube:france24_ar,True
rt-arabic,RT Arabic,MEDIA,A,RU,russia,ar,tv,"Russian state-funded Arabic channel with a steady stream of reports on the 2026 Houthi-Saudi escalation, US contacts with the Houthis and Saudi military preparations.",youtube_subscribers=701700 (2026-10) https://qoruz.com/RTarabic/youtube,"regional_importance=medium; cited_by_other_media=low; historical_importance=medium; Broadcasting since May 2007 from Moscow (Wikipedia and the qoruz channel page); the RT network has faced bans since 2022 (EU, Canada, YouTube, Meta), which limits its Western reach but not its Arabic-language reach.; https://en.wikipedia.org/wiki/RT_(TV_network)","weekly Nine RT Arabic items on the Houthi-Saudi escalation appeared in one search, with article numbers 1829904 to 1837493 (for example the item on Houthi claims against Riyadh and Aramco in Yanbu, number 1836635, which matches the 24 September 2026 events reported by Reuters). Individual dates were not confirmed because the long article URLs could not be fetched.","none News outlet, selected for audience.",none_documented,,russia,state_aligned,56.5,reach=28.5; yemen_coverage=15; regional_importance=8; cited_by_other_media=0; historical_importance=5; indicators=5,not assessed,0.85,"Wikipedia: RT is state-controlled, owned by the non-profit ANO TV-Novosti founded by the state news agency RIA Novosti, and funded through the Russian Federal Agency for Press and Mass Media (82 billion rubles allocated for 2022-2024). Yemen lean checked: Wikipedia has no Yemen material and no watchdog or academic study of RT Arabic's Yemen framing was found, so no Yemen camp is assigned.",https://en.wikipedia.org/wiki/RT_(TV_network),2026-10-04,rss,telegram:rtarabictelegram,True
middle-east-eye,Middle East Eye,MEDIA,A,GB,europe,en,website,"London-based English-language news site with a dedicated Yemen country page and a Yemen war topic, running live-blog updates and reporting on the 2026 Saudi-Houthi fighting, Taiz and displacement.",monthly_visits=1710000 (2026-08) https://www.semrush.com/website/middleeasteye.net/overview/,"regional_importance=medium; cited_by_other_media=medium; historical_importance=medium; Wikipedia says it was blocked in the UAE in 2016 after its Yemen reporting, in Egypt in 2019 and in Jordan in 2025, and that it has published reporting on the UAE's role in the Yemen war; Jamal Khashoggi wrote for it.; https://en.wikipedia.org/wiki/Middle_East_Eye","weekly Yemen war topic page and country page; one search returned nine recent items including live-blog updates ('Houthis say Saudi Arabia launched 28 strikes in Yemen over 24 hours', 'Battle in Yemen's Taiz kills scores of combatants') and features on Pakistani arms deliveries, UK refuelling support and displacement. Individual dates were not extractable.","none News outlet, selected for audience.",none_documented,,none_documented,unknown,65.3,reach=32.3; yemen_coverage=15; regional_importance=8; cited_by_other_media=5; historical_importance=5; indicators=5,not assessed,0.5,"Checked Wikipedia: formally owned by M.E.E. Limited with Jamal Bessasso as sole director holding over 75% of shares; the Saudi, UAE, Egyptian and Bahraini governments have alleged covert Qatari funding, which MEE denies, and no source proving it was found, so no regional alignment is assigned and the domestic label is left as unknown. Yemen lean checked: Wikipedia reports critical coverage of the UAE's role in the Yemen war and a UAE block after it; no study documenting backing of a specific Yemeni camp was found.",https://en.wikipedia.org/wiki/Middle_East_Eye,2026-10-04,rss,x:MiddleEastEye youtube:MiddleEastEye facebook:MiddleEastEye instagram:middleeasteye tiktok:middleeasteye,True
al-monitor,Al-Monitor,MEDIA,A,US,north_america,en,website,"Washington-based Middle East news and analysis site with a Yemen country page that carried about ten Yemen stories between September and 5 October 2026 on the Saudi-Houthi escalation, the Yemeni government offensive and regional diplomacy.",monthly_visits=363980 (2026-08) https://www.semrush.com/website/al-monitor.com/overview/; youtube_subscribers=5150 (2025-01-25) https://www.wikidata.org/wiki/Q4702909,regional_importance=medium; cited_by_other_media=medium; historical_importance=low; Wikipedia says it was founded in 2012 by Jamal Daniel and quotes the International Press Institute praising its reporting and analysis; it is widely read by policy audiences in Washington.; https://en.wikipedia.org/wiki/Al-Monitor,"weekly The Yemen page (al-monitor.com/yemen) listed ten stories dated September to 5 October 2026, e.g. 'Saudi Arabia accuses Houthis of drone attack in Medina' (5 October 2026), 'Yemeni government launches offensive to seize all areas from Iran-backed Houthis' (October 2026) and 'Yemen separatists urge US not to let Saudi Arabia call the shots' (September 2026).","none News outlet, selected for audience.",none_documented,,none_documented,independent,53.6,reach=25.6; yemen_coverage=15; regional_importance=8; cited_by_other_media=5; historical_importance=0; indicators=5,not assessed,0.45,"Checked Wikipedia: founded by Arab-American businessman Jamal Daniel, no state ownership recorded, and the International Press Institute describes it as vigorously independent; the page does not give a current ownership structure or discuss Yemen. No watchdog or academic source documenting a Yemen camp or foreign-state alignment was found, so none is assigned.",https://en.wikipedia.org/wiki/Al-Monitor,2026-10-04,,x:almonitor,False
times-of-israel,The Times of Israel,MEDIA,A,IL,levant,en,website,"Israel's leading English-language news site; its live blog carries frequent Yemen entries (Houthi claims against Saudi Arabia and Israel, Saudi strikes), many drawn from wires, and it is a main English-language window on how Israel reads the Houthis.",monthly_visits=11160000 (2026-08) https://www.semrush.com/website/timesofisrael.com/overview/; youtube_subscribers=46800 (2025-07-05) https://www.wikidata.org/wiki/Q6449319,regional_importance=medium; cited_by_other_media=medium; historical_importance=low; Wikipedia says the site reported 8 million unique monthly users and 75 million monthly pageviews in 2025 (self-reported) and entered Press Gazette's top-50 ranking after its November 2023 traffic jump.; https://en.wikipedia.org/wiki/The_Times_of_Israel,"weekly Search returned about nine Yemen live-blog entries (Houthi attacks on southern Saudi Arabia, Saudi strikes on Sanaa, a downed Saudi jet claim); the one dated by us is 2 October 2026 ('Houthis say Saudis launched 94 strikes in areas in Yemen under their control in past 24 hours', credited Times of Israel/Reuters).","none News outlet, selected for audience.",none_documented,,none_documented,center,68.0,reach=40.0; yemen_coverage=15; regional_importance=8; cited_by_other_media=5; historical_importance=0; indicators=5,not assessed,0.6,"Checked Wikipedia: co-founded by David Horovitz and Seth Klarman, describes itself as independent of any party and is described as centrist by multiple sources; no state ownership. The registry's regional_alignment list has no Israel value, so none_documented is used and Israeli state or government positions are not implied. No source documenting a Yemen camp was found.",https://en.wikipedia.org/wiki/The_Times_of_Israel,2026-10-04,,x:timesofisrael facebook:timesofisrael instagram:timesofisrael youtube:TimesofIsrael,False
jerusalem-post,The Jerusalem Post,MEDIA,A,IL,levant,en,website,"Israel's long-running English daily, whose Houthi tag carried about ten stories between 22 September and 2 October 2026 on the Saudi-Houthi escalation, Israeli and US policy toward the Houthis and Red Sea security.",monthly_visits=9820000 (2026-08) https://www.semrush.com/website/jpost.com/overview/; youtube_subscribers=62100 (2025-11-08) https://www.wikidata.org/wiki/Q35438,"regional_importance=medium; cited_by_other_media=medium; historical_importance=medium; Wikipedia gives weekday print circulation of 90,000 and notes controversies, including a 2020 report that the Israeli Ministry of Strategic Affairs paid it to publish content and fake op-ed personas used for UAE-aligned opinion pieces.; https://en.wikipedia.org/wiki/The_Jerusalem_Post","daily The Houthi tag page listed ten stories dated 22 September to 2 October 2026 (eight distinct days), e.g. 'Yemen's Houthis threaten to strike Saudi bridges in retaliation for airstrikes' (28 September 2026) and 'Saudi coalition says it intercepts Houthi missiles, drones targeting Khamis Mushait, Riyadh' (26 September 2026).","none News outlet, selected for audience.",none_documented,,none_documented,center_right,82.9,reach=39.9; yemen_coverage=25; regional_importance=8; cited_by_other_media=5; historical_importance=5; indicators=5,not assessed,0.55,"Checked Wikipedia: owned by Eli Azur through Mirkaei Tikshoret; it describes itself as Israeli centre and is widely seen as centre-right in Israel; no state ownership. The registry's regional_alignment list has no Israel value, so none_documented is used and Israeli state positions are not implied. Yemen lean checked: Wikipedia has no Yemen material and no study of its Yemen framing was found.",https://en.wikipedia.org/wiki/The_Jerusalem_Post,2026-10-04,telegram_public,x:Jerusalem_Post facebook:TheJerusalemPost youtube:UCLLLdCANnMAdMyrXdYbSlxg telegram:The_Jerusalem_Post instagram:thejerusalem_post,True
yemen-shabab,Yemen Shabab TV / Yemen Shabab Net,MEDIA,A,YE,yemen,ar,tv,"Satellite news channel with the second-largest YouTube audience of any Yemeni channel (3.84M subscribers, Social Blade Yemen rank 2) and daily Yemen news output; website active with same-day headlines on 2026-10-04.",youtube_subscribers=3840000 (2026-10) https://socialblade.com/youtube/lists/top/100/subscribers/all/YE; youtube_subscribers=3847327 (2026-10) https://socialcounts.org/youtube-live-subscriber-count/UC0tSaXfJ_YIXshmvFlEsUcg,"regional_importance=medium; cited_by_other_media=medium; historical_importance=medium; Listed among Yemen's main satellite channels by Wikipedia and Media Landscapes; on air (Eutelsat 7 West A per LyngSat, Oct 2026). 1.76 billion total YouTube views (Social Blade).; https://en.wikipedia.org/wiki/Television_in_Yemen; https://www.lyngsat.com/freetv/Yemen.html; https://socialblade.com/youtube/handle/tvyemenshabab","daily Homepage shows Yemen headlines dated 2026-10-04; the YouTube channel uploads 12-25 videos a day (Social Blade, late Sep - early Oct 2026).",none Private channel.,islah,Islah / Muslim Brotherhood-leaning per New Lines (2024); Wikipedia: associated with anti-Houthi currents aligned with the recognised government. Self-describes as independent.,qatar,movement_aligned,78.9,reach=35.9; yemen_coverage=25; regional_importance=8; cited_by_other_media=5; historical_importance=5; indicators=5,not assessed,0.5,"New Lines Magazine (2024-05-23) lists Belqees TV, Yemen Shabab TV and Al-Mahriah as 'pro-Brotherhood TV channels broadcasting from Istanbul (heavily funded by Qatar and legally licensed by Turkish authorities)'. Wikipedia (Television in Yemen) says it 'became associated with anti-Houthi political currents, particularly those aligned with the internationally recognized government' and moved operations to Turkey and Qatar. No ownership record found; the site calls itself 'an independent news website'. Qatar funding rests on one press source (confidence about 0.4).",https://newlinesmag.com/reportage/in-exile-in-turkey-yemens-muslim-brothers-cling-to-caliphate-dreams/ https://en.wikipedia.org/wiki/Television_in_Yemen,2026-10-04,telegram_public,youtube:tvyemenshabab x:YemenShababNet facebook:TvYemenShabab instagram:tvYemenShabab telegram:YemenShababNet,True
al-mahriah-tv,Al-Mahriah TV,MEDIA,A,YE,yemen,ar,tv,"Satellite channel with the largest YouTube audience of any Yemeni news channel after Yemen Shabab (3.59M main channel plus 741K news channel); on air in 2026 and the subject of an April 2026 suspension order in Shabwa, a sign of political weight in the south-east.",youtube_subscribers=3590000 (2026-10) https://socialblade.com/youtube/handle/almahriahtv,"regional_importance=medium; cited_by_other_media=medium; historical_importance=low; Founded 2019 (YouTube channel created 2019-10-15). On Eutelsat 7 West A (LyngSat, Oct 2026). Shabwa's information office suspended its operations in the governorate in April 2026, condemned by press-freedom groups.; https://www.lyngsat.com/freetv/Yemen.html; https://www.yemenmonitor.com/?p=169520; https://marsadak.org/en/marsadak-condemns-almahriya-tv-suspension-shabwa-yemen-press-freedom/","daily Yemen-focused news channel; Social Blade ranks it 4th of all Yemeni YouTube channels, with 59,705 videos.",none Private channel.,islah,"Described as Islah-led / pro-Brotherhood; strongly critical of the Saudi and UAE roles, especially in al-Mahra.",qatar,movement_aligned,73.6,reach=35.6; yemen_coverage=25; regional_importance=8; cited_by_other_media=5; historical_importance=0; indicators=5,not assessed,0.45,"New Lines Magazine (2024-05-23) names Al-Mahriah with Belqees and Yemen Shabab as 'pro-Brotherhood TV channels broadcasting from Istanbul (heavily funded by Qatar ...)'. South24 (2022-07-27), an STC-aligned outlet and so an adversarial source, says Al-Mahria is 'based in Turkey and led by the Islah leader Mukhtar Al-Rahbi'. No ownership filing or watchdog profile found.",https://newlinesmag.com/reportage/in-exile-in-turkey-yemens-muslim-brothers-cling-to-caliphate-dreams/ https://south24.net/news/news.php?nid=2830,2026-10-04,,youtube:almahriahtv youtube:almahriahtvnews,False
belqees,Belqees TV / Belqees Net,MEDIA,A,YE,yemen,ar,youtube,Major Yemeni news brand (1.37M YouTube subscribers) that kept publishing on digital platforms after its satellite broadcast was suspended on 2025-11-28; YouTube uploads continue daily in Oct 2026.,youtube_subscribers=1369647 (2026-10) https://socialcounts.org/youtube-live-subscriber-count/UCxA_zZwALQMmVMSZyLKC-Nw,regional_importance=medium; cited_by_other_media=medium; historical_importance=medium; Owned by Nobel laureate Tawakkol Karman; launched 2014-2015; its closure in Istanbul was covered by Türkiye Today and Yemeni media.; https://en.wikipedia.org/wiki/Belqees_TV; https://www.turkiyetoday.com/region/the-sudden-shutdown-of-yemens-belqees-tv-channel-in-istanbul-sparks-controversy-3210760; https://www.yemenmonitor.com/?p=156819,daily Social Blade shows 1-7 YouTube uploads a day through 2026-10-04.,none Private outlet.,islah,Owned by Tawakkol Karman; described as Muslim Brotherhood-affiliated / pro-Brotherhood. Self-describes as independent ('صوت اليمنيين').,qatar,movement_aligned,74.4,reach=31.4; yemen_coverage=25; regional_importance=8; cited_by_other_media=5; historical_importance=5; indicators=5,not assessed,0.4,"Wikipedia: owned by Tawakkol Karman, 'known for affiliation to the Muslim Brotherhood', established with help of the Doha Centre for Media Freedom. New Lines (2024-05-23): one of the 'pro-Brotherhood TV channels broadcasting from Istanbul (heavily funded by Qatar ...)', 'initially funded from Doha'. Low confidence because Karman's own Islah membership was frozen in 2018 and the channel's line is critical of the Saudi-led coalition, so it does not map neatly onto Islah's party line.",https://en.wikipedia.org/wiki/Belqees_TV https://newlinesmag.com/reportage/in-exile-in-turkey-yemens-muslim-brothers-cling-to-caliphate-dreams/,2026-10-04,rss,youtube:belqeestv x:BelqeesTV facebook:belqees.tv,True
suhail-tv,Suhail TV,MEDIA,A,YE,yemen,ar,tv,"Islah's satellite channel since 2009, with 1.36M YouTube subscribers and a website publishing same-day Yemen news on 2026-10-04; the main broadcast voice of the Islah camp.",youtube_subscribers=1360000 (2026-10) https://socialblade.com/youtube/user/suhailchannel1,"regional_importance=medium; cited_by_other_media=medium; historical_importance=high; Covered the 2011 uprising as the main opposition channel; raided by the Houthis in 2014 and moved abroad. On Eutelsat 7 West A (LyngSat, Oct 2026).; https://en.wikipedia.org/wiki/Suhail_TV; https://worldcrunch.com/world-affairs/tuning-in-to-suhail-tv-where-airing-yemens-revolution-is-a-risky-affair/; https://www.lyngsat.com/freetv/Yemen.html",daily suhail.net lead headline dated 2026-10-04 (Islah Taiz statement).,"low Party-operated channel; speaks for Islah's media line, not for a state institution.",islah,Operated by the Yemeni Congregation for Reform (Islah),unknown,movement_aligned,79.3,reach=31.3; yemen_coverage=25; regional_importance=8; cited_by_other_media=5; historical_importance=10; indicators=5,not assessed,0.85,Wikipedia: 'affiliated with the Al-Islah party'. Media Landscapes: 'operated by Al-Islah political party'. Wikipedia (Television in Yemen) gives its headquarters as Riyadh.,https://en.wikipedia.org/wiki/Suhail_TV https://medialandscapes.org/country/yemen/media/television https://en.wikipedia.org/wiki/Television_in_Yemen,2026-10-04,,youtube:SuhailChannel1 x:suhailchannel facebook:suhail.channel instagram:suhail.channel,False
yemen-today-tv,Yemen Today TV,MEDIA,A,YE,yemen,ar,tv,"The GPC/Saleh-family satellite channel, relaunched outside Yemen after the Houthis seized its Sanaa headquarters in December 2017; 460K YouTube subscribers and daily uploads in Oct 2026. Main broadcast voice of the anti-Houthi GPC current.",youtube_subscribers=459787 (2026-10) https://socialcounts.org/youtube-live-subscriber-count/UC8__N8LvNWsdJFrxUCRS9Jw,"regional_importance=medium; cited_by_other_media=low; historical_importance=high; Built by Ali Abdullah Saleh's GPC network; its Sanaa HQ was stormed on 2017-12-02, the day Saleh was killed (CPJ). On Nilesat 201 and Eutelsat 7 West A (LyngSat, Oct 2026).; https://cpj.org/2017/12/yemeni-tv-guards-injured-others-taken-hostage-b/amp/; https://en.wikipedia.org/wiki/Television_in_Yemen; https://www.lyngsat.com/freetv/Yemen.html","daily Self-described Yemeni news and general channel; 68,800 YouTube videos, uploading on 2026-10-04 (Social Blade).",low Faction-linked private channel.,gpc_plc,Saleh-family faction of the General People's Congress (anti-Houthi since December 2017),unknown,movement_aligned,69.6,reach=26.6; yemen_coverage=25; regional_importance=8; cited_by_other_media=0; historical_importance=10; indicators=5,not assessed,0.6,"Wikipedia (Television in Yemen): 'closely associated with Yemen's General People's Congress (GPC) party and the political network of the former President Ali Abdullah Saleh'; after 2017 it split into 'one pro Houthi faction from Sana'a and other pro Saleh faction broadcast from Egypt'. CPJ (2017-12): station 'linked to the People's Congress Party of former President Ali Abdullah Saleh'; Houthi gunmen stormed its Sanaa HQ and detained about 40 staff. The YouTube channel monitored here was created on 2018-03-09, after the split, consistent with the relaunched pro-Saleh version. Which GPC leadership (Ahmed Ali Saleh's circle or the wing abroad) directs it today is not documented.",https://en.wikipedia.org/wiki/Television_in_Yemen https://cpj.org/2017/12/yemeni-tv-guards-injured-others-taken-hostage-b/amp/,2026-10-04,,youtube:yementdy,False
al-joumhouriya-tv,Al-Joumhouriya TV,MEDIA,A,YE,yemen,ar,tv,Yemeni 24-hour news channel on Nilesat with 412K YouTube subscribers (Social Blade Yemen rank 66-68); one of the few TV channels of the anti-Houthi republican camp outside Islah and the GPC.,youtube_subscribers=412000 (2026-10) https://socialblade.com/youtube/handle/aljoumhouriyatv,"regional_importance=low; cited_by_other_media=low; historical_importance=low; Recent channel (YouTube channel created 2023-10-28 per Social Blade); on Nilesat 301 (LyngSat, Oct 2026). 224 million total YouTube views.; https://socialblade.com/youtube/handle/aljoumhouriyatv; https://www.lyngsat.com/freetv/Yemen.html","daily Describes itself as covering Yemeni news around the clock; 24,682 YouTube videos.",none No documented institutional owner.,unknown,,unknown,unknown,51.1,reach=26.1; yemen_coverage=25; regional_importance=0; cited_by_other_media=0; historical_importance=0; indicators=5,not assessed,0.0,"Ownership not documented in any source reached. Al-Mashhad Al-Yemeni (2026-09-14) reports a departing presenter's message addressed to Tareq Saleh, his praise for the 'National Resistance' project, and an editorial rule against criticising any component of the legitimacy (PLC) camp. That points to Tareq Saleh's National Resistance but does not state ownership, so the value stays unknown pending a direct source.",https://www.almashhad.news/news/494584,2026-10-04,,youtube:aljoumhouriyaTV x:AlJoumhouriyaTV facebook:aljoumhouriyaTV,False
al-masirah,Al-Masirah TV,MEDIA,A,YE,yemen,"ar,en",tv,The Houthi movement's own satellite channel and the primary outlet of Ansar Allah; routinely quoted by international wires as the source for Houthi claims and strike reports.,,"regional_importance=high; cited_by_other_media=high; historical_importance=high; AFP (via eNCA, 2025-09-10) quotes Al-Masirah for casualty reports after Israeli strikes on Houthi military media in Sanaa. FDD (2026-09-03) describes it as the Houthis' primary TV channel, broadcasting on Eutelsat in Arabic and English. LyngSat (Oct 2026) lists Almasirah TV and Almasirah Mubasher on Eutelsat 70B, 7 West A and 8 West B.; https://www.enca.com/news/israel-launches-deadly-strike-yemen-rebel-media-arm; https://www.fdd.org/analysis/2026/09/03/houthi-propaganda-laid-the-groundwork-for-military-escalation/; https://www.lyngsat.com/freetv/Yemen.html; https://en.wikipedia.org/wiki/Al-Masirah",daily Yemen-focused 24-hour channel; old registry's English RSS feed (english.masirahtv.net/rss.php) was verified with current items on 2026-10-02.,"medium Owned by the Houthi movement; board president Mohammed Abdulsalam is the movement's spokesman and chief negotiator (Wikipedia), so it functions as the movement's media voice.",ansar_allah,Owned and operated by the Houthi movement,iran_axis,movement_aligned,,yemen_coverage=25; regional_importance=15; cited_by_other_media=10; historical_importance=10; indicators=4; reason=no citable audience figure,not assessed,0.9,"Wikipedia: owned by the Houthi movement, board president Mohammed Abdulsalam; Television in Yemen: 'owned and operated by The Houthi Movement ... the group's primary media outlet'. Academic study (Alowaa 2024, DergiPark): 'affiliated with Ansar Allah (Houthis)'. regional_alignment iran_axis: Wikipedia says it launched in Beirut with backup studios at Hezbollah HQ (ownership/hosting link to the Iran-led axis); confidence for that dimension about 0.6.",https://en.wikipedia.org/wiki/Al-Masirah https://en.wikipedia.org/wiki/Television_in_Yemen https://dergipark.org.tr/en/pub/aid/article/1491423,2026-10-04,rss,,True
saba-sanaa,Saba News Agency (Sanaa),MEDIA,B,YE,yemen,"ar,en",wire,"Official news agency of the Sanaa (Ansar Allah) authorities; the wire through which the Supreme Political Council and Sanaa ministries publish statements, quoted by international media as 'Houthi-run Saba'.",,"regional_importance=high; cited_by_other_media=high; historical_importance=high; State Media Monitor (June 2026): one of 'two parallel wires with competing headlines and figures', the Houthi version run from Sanaa, multilingual.; https://statemediamonitor.com/2026/06/yemen-news-agency-saba/; https://statemediamonitor.com/yemen/",daily National wire of the Sanaa authorities (State Media Monitor).,high Official voice of the de facto authorities that govern most of Yemen's population.,ansar_allah,Supreme Political Council (Sanaa) state agency,unknown,state_aligned,,"yemen_coverage=25; not_scored=['regional_importance', 'historical_importance']; cited_by_other_media=10; indicators=2; reason=no citable audience figure",not assessed,0.9,"State Media Monitor classifies the Houthi version of SABA as State-Controlled by the Supreme Political Council / Houthi authorities, run from Sana'a (saba.ye).",https://statemediamonitor.com/2026/06/yemen-news-agency-saba/ https://statemediamonitor.com/yemen/,2026-10-04,,,False
saba-irg,Saba News Agency (government),MEDIA,B,YE,yemen,"ar,en,fr",wire,"Official news agency of the internationally recognised government / Presidential Leadership Council; publishes presidential, cabinet and ministry statements daily (headlines dated 2026-10-04).",telegram_subscribers=3320 (2026-10) https://t.me/s/sabanewa,"regional_importance=high; cited_by_other_media=high; historical_importance=high; One of the two rival Saba wires (State Media Monitor, June 2026); the reference source for official PLC/government positions.; https://statemediamonitor.com/2026/06/yemen-news-agency-saba/",daily Homepage shows multiple items dated 2026-10-04.,high Official wire of the internationally recognised government.,plc_government,State agency of the Presidential Leadership Council / government,unknown,state_aligned,40.2,"reach=5.2; yemen_coverage=25; not_scored=['regional_importance', 'historical_importance']; cited_by_other_media=10; indicators=3",not assessed,0.9,"State Media Monitor classifies the government version of SABA as State-Controlled by the internationally recognised government, working from government-held and exile/diplomatic locations.",https://statemediamonitor.com/2026/06/yemen-news-agency-saba/ https://statemediamonitor.com/yemen/,2026-10-04,"rss,telegram_public",x:sabanew_ telegram:sabanewa,True
aic-tv,Aden Independent Channel (AIC),MEDIA,A,YE,yemen,ar,tv,"The main broadcast voice of the southern separatist camp (Southern Transitional Council); 272K YouTube subscribers and 78,500 videos. Went off air for nearly two months after the December 2025 to January 2026 events and resumed broadcasting from inside Aden in February 2026, so its status is itself part of the story.",youtube_subscribers=271897 (2026-10) https://socialcounts.org/youtube-live-subscriber-count/UCbFmpx9BeQBf4H6mIYLpZXQ,regional_importance=low; cited_by_other_media=medium; historical_importance=medium; Described by The New Arab (2026-02-22) as affiliated with the STC; listed on Nilesat and Eutelsat 7 West A in Wikipedia/TV directories. 103.7 million total YouTube views.; https://www.newarab.com/news/yemeni-government-forces-close-stc-offices-aden; https://en.wikipedia.org/wiki/Television_in_Yemen; https://socialcounts.org/youtube-live-subscriber-count/UCbFmpx9BeQBf4H6mIYLpZXQ,"daily Yemen- and south-focused news and talk channel; 78,528 YouTube videos (SocialCounts). Resumed news bulletins from Aden on 2026-02-21 (The New Arab).",low Faction-affiliated channel of a movement whose status changed in January 2026.,stc,"Southern separatist camp (STC); the STC announced its dissolution on 2026-01-09 after its leader left for the UAE, but some southern factions rejected it, so the camp label is kept for the channel's editorial line.",unknown,movement_aligned,59.3,reach=24.3; yemen_coverage=25; regional_importance=0; cited_by_other_media=5; historical_importance=5; indicators=5,not assessed,0.7,"The New Arab (2026-02-22): 'affiliated with the STC'. South24 (2026-05-04, an STC-sympathetic outlet and so a weak source) reports that STC leader Aidarous al-Zubaidi's recorded address was aired by AIC on 2026-05-03 during a mass rally in Aden. The channel's own tagline is 'Voice of the Southern People'. Wikipedia (Television in Yemen) lists it as a separate private channel ('Aden Mustakilla AIC TV'), while a TV directory (altkia) describes it as operating under the state broadcasting authority, so legal ownership is not clear. No UAE funding evidence found, so regional_alignment stays unknown.",https://www.newarab.com/news/yemeni-government-forces-close-stc-offices-aden https://south24.net/news/news.php?nid=5469 https://en.wikipedia.org/wiki/Television_in_Yemen,2026-10-04,,youtube:UCbFmpx9BeQBf4H6mIYLpZXQ x:aicadentv facebook:aicadentv,False
aden-al-ghad,Aden Al-Ghad,MEDIA,A,YE,yemen,ar,website,"Aden-based news site (founded 2007) listed by Fanack among Yemen's main outlets, with same-day Yemen and Aden reporting (site last updated 2026-10-04). Its offices were stormed in early February 2026, an event covered by Al Jazeera and press-freedom groups.",telegram_subscribers=15400 (2026-10) https://t.me/s/adenalghad_news,"regional_importance=low; cited_by_other_media=medium; historical_importance=medium; Fanack lists it among Yemen's main outlets (established 2007 by Southern Movement affiliates). The February 2026 attack on its office drew calls for investigation from government officials and rights groups (Al Jazeera, 2026-02-03). Facebook and YouTube reach not measured.; https://fanack.com/yemen/media-in-yemen/; https://www.aljazeera.net/news/2026/2/3/بعد-اقتحام-عدن-الغد-ما-قدرة-أجهزة","daily Homepage shows items updated 2026-10-04; sections on Aden news, politics, reports and interviews.",none Private news company.,southern_other,Founded by southern-movement affiliates; calls itself independent. Current editorial line not independently assessed. Its office was attacked in February 2026 by armed men whom Tawakkol Karman attributed to the dissolved STC.,unknown,unknown,46.9,reach=11.9; yemen_coverage=25; regional_importance=0; cited_by_other_media=5; historical_importance=5; indicators=5,not assessed,0.3,"Fanack: 'Aden al-Ghad: established 2007 by Southern Movement affiliates in Aden'. The site describes itself as 'the first independent electronic newspaper managed from within Aden'. Journalism Research (2024) lists it as the 'Aden Al-Ghad company' with a political-news focus and no funding details. No watchdog or academic assessment of its current line was found, so confidence is low.",https://fanack.com/yemen/media-in-yemen/ https://www.adngad.net/ https://journalismresearch.org/wp-content/uploads/2024/08/Yemen-Funding-Journalism-1.pdf,2026-10-04,"rss,telegram_public",telegram:adenalghad_news youtube:adengad x:adenalghad facebook:ADENALGHAD.NET,True
al-ayyam,Al-Ayyam,MEDIA,A,YE,yemen,ar,website,"Aden's historic independent daily (founded 1958 by the Bashraheel family), most widely read in the south according to Media Landscapes, with the website publishing same-day political coverage on 2026-10-03. Kept for historical weight in southern discourse; current measured reach is small.",telegram_subscribers=1490 (2026-10) https://t.me/s/AlayyamAden; youtube_subscribers=720 (2026-10) https://socialcounts.org/youtube-live-subscriber-count/UCW2R6JM7V_AibLc9dABVlnA,"regional_importance=low; cited_by_other_media=low; historical_importance=high; Closed by the Sanaa government in May 2009 on accusations of supporting separatism; its offices were attacked (CPJ, RSF); reappeared in May 2014 (Wikipedia). Its Facebook reach was not measurable.; https://en.wikipedia.org/wiki/Al-Ayyam_(Yemen); https://cpj.org/2011/01/a-year-after-siege-al-ayyam-is-sorely-missed-in-ye/; https://medialandscapes.org/country/yemen/media/print","daily Site headline dated 2026-10-03 on Saudi Arabia and the south; sections on Aden, politics and economy.",none Private family-owned newspaper.,independent,Southern-focused. The 2009 closure was justified by accusations of supporting separatism. Self-described independent daily.,unknown,unknown,36.7,reach=1.7; yemen_coverage=25; regional_importance=0; cited_by_other_media=0; historical_importance=10; indicators=5,not assessed,0.3,"Wikipedia: owned by the Bashraheel family, described as independent, shut in 2009 for 'supporting separatism'. Media Landscapes calls it 'privately owned; pro-reform', which is ambiguous (it may refer to Islah) and conflicts with the 'independent' label, so confidence is low. No current-period assessment found.",https://en.wikipedia.org/wiki/Al-Ayyam_(Yemen) https://medialandscapes.org/country/yemen/media/print,2026-10-04,telegram_public,telegram:AlayyamAden youtube:UCW2R6JM7V_AibLc9dABVlnA x:alayyam_info facebook:ALAYYAM.NEWS,True
mareb-press,Mareb Press,MEDIA,A,YE,yemen,ar,website,"One of Yemen's oldest online newspapers (launched 2006), described by International Media Support as among the serious outlets with significant audiences and by a RAND report as among the highest-quality independent sources on the Houthi insurgency; the site covers the 2026 military escalation.",telegram_subscribers=21500 (2026-10) https://t.me/s/marebpress1,regional_importance=medium; cited_by_other_media=medium; historical_importance=high; Wikipedia cites International Media Support and a RAND Corporation report; blocked by Houthi-run YemenNet on 2015-03-26 and by Iran (Citizen Lab). Fanack: 'one of the most popular online publications in Yemen'.; https://en.wikipedia.org/wiki/Mareb_Press; https://fanack.com/yemen/media-in-yemen/,daily Homepage fetched 2026-10-05 leads with government operations against Houthi forces; copyright 2006-2026.,none Private outlet.,plc_government,Described as loyal to the internationally recognised government and critical of the Houthis; a 2024 funding report lists it among Islah-linked outlets.,unknown,unknown,61.3,reach=13.3; yemen_coverage=25; regional_importance=8; cited_by_other_media=5; historical_importance=10; indicators=5,not assessed,0.5,Wikipedia: 'independent media outlet considered loyal to the internationally recognized government and critical of the Houthis'. A Journalism Research summary (2024) groups Marib Press with Islah party outlets; that summary was read second-hand and is not conclusive. No ownership record found.,https://en.wikipedia.org/wiki/Mareb_Press https://journalismresearch.org/wp-content/uploads/2024/08/Yemen-Funding-Journalism-1.pdf,2026-10-04,telegram_public,telegram:marebpress1 x:marebpress_2,True
yemen-monitor,Yemen Monitor,MEDIA,A,YE,yemen,"ar,en",website,"Yemeni news and analysis site in Arabic and English with a very large archive (about 36,850 local-news articles) and same-day coverage of the 2026 military escalation (headlines of 2026-10-05); with sections on Houthi affairs, rights and freedoms, and analysis.",,"No audience figure, ranking or outside citation count could be evidenced in this run (web-search budget ran out). Influence indicators are therefore left unrated rather than guessed. Its pages are cited by other Hudhud records (Belqees closure, Al-Mahriah suspension), which only shows that it reports press-freedom events.; https://www.yemenmonitor.com/","daily Homepage fetched 2026-10-05 shows Houthi military, telecom and Red Sea items; sections for local news, analysis, rights and freedoms, international, sports, culture and opinion.",none Private outlet.,unknown,,unknown,unknown,,yemen_coverage=25; indicators=1; reason=no citable audience figure,not assessed,0.0,"Ownership, funding and editorial lean not found: neither the homepage summary nor the sources reached (Media Landscapes, Fanack, Journalism Research 2024) assess it. Left unknown.",,2026-10-04,rss,,True
al-masdar-online,Al-Masdar Online,MEDIA,A,YE,yemen,"ar,en",website,"One of Yemen's leading independent news websites (print weekly from 2007, daily website from 2009), banned in Houthi-held areas and operating from abroad since the Houthis raided its Sanaa offices in March 2015; a well-known Yemeni source for politics and conflict reporting.",,"cited_by_other_media=medium; historical_importance=medium; Blocked by the Yemeni authorities in February 2010 (RSF); offices raided and print edition ended on 2015-03-26 (Wikipedia, citing press-freedom groups); assessed by BBC Monitoring as largely balanced (Wikipedia). No audience figure could be evidenced: the homepage returned HTTP 403 and web search ran out.; https://en.wikipedia.org/wiki/Al-Masdar_Online; https://rsf.org/en/al-masdar-online-blocked",daily Yemen-only news site; Wikipedia describes it as a leading Yemeni news website. 2026 activity not confirmed because the homepage could not be fetched.,none Private outlet run by the Al-Masdar Media Foundation.,islah,Described as supportive of Islah and critical of the Houthis and the STC; self-described independent.,unknown,unknown,,yemen_coverage=25; cited_by_other_media=5; historical_importance=5; indicators=3; reason=no citable audience figure,not assessed,0.4,"Wikipedia: 'largely balanced coverage' per BBC Monitoring, though supportive of Islah and critical of the Houthis and the STC. A Journalism Research summary (2024), read second-hand, lists Al-Masdar Online with Islah-linked outlets. No ownership filing found.",https://en.wikipedia.org/wiki/Al-Masdar_Online https://journalismresearch.org/wp-content/uploads/2024/08/Yemen-Funding-Journalism-1.pdf,2026-10-04,,,False
26-september-irg,"26 September Net (Yemeni Armed Forces, government)",MEDIA,B,YE,yemen,ar,website,Official news site and spokesperson outlet of the government's Armed Forces under the Ministry of Defense Moral Guidance Directorate; the channel through which the government side publishes military announcements on the front lines (lead story on 2026-10-04 on coalition support for forces).,,cited_by_other_media=low; Reach not measured. Its weight is institutional: it carries the military line of the recognised government.; https://www.26sepnews.net/,"daily Homepage fetched 2026-10-04: newest story 30 minutes old; sections on armed forces, local reports and interviews.","medium Official voice of the government's armed forces, at a time of renewed ground fighting (Taiz offensive, October 2026).",plc_government,Ministry of Defense (government) armed forces spokesperson site,unknown,state_aligned,,yemen_coverage=25; cited_by_other_media=0; indicators=2; reason=no citable audience figure,not assessed,0.9,"The site's meta description identifies it as the official website of the Yemen Armed Forces spokesperson, run under the Ministry of Defense Moral Guidance Directorate (own page, fetched 2026-10-04); self-description.",https://www.26sepnews.net/,2026-10-04,rss,facebook:26sepnews x:septnet26 youtube:26sepnews,True
26-september-sanaa,26 September (Sanaa),MEDIA,B,YE,yemen,ar,website,"Weekly newspaper and news site of the Ministry of Defense in Sanaa, the Houthi-run armed-forces outlet (editor-in-chief listed on the site as Brigadier Yahya Qassem Sareea), with an archive from 2003; carries the military line of the Sanaa authorities (headlines of 2026-10-05 on armed forces repelling 'enemy formations').",telegram_subscribers=439 (2026-10) https://t.me/s/yemseb,cited_by_other_media=low; Media Landscapes lists 26 September as owned by the Ministry of Defence and supporting the Houthis. The reach figure is a small Telegram count only; its weight is institutional.; https://medialandscapes.org/country/yemen/media/print; https://www.26sep.net/,"daily Site latest content dated 2026-10-05; sections on local news, military fronts, economy, culture and international affairs.",medium Armed-forces outlet of the de facto authorities in Sanaa.,ansar_allah,Ministry of Defense of the Sanaa authorities,unknown,state_aligned,25.0,reach=0.0; yemen_coverage=25; cited_by_other_media=0; indicators=3,not assessed,0.8,"Media Landscapes: owned by the Ministry of Defence, supports the Houthi rebels. The site itself names the Ministry of Defense as publisher and its content frames the government side as 'the enemy'. Sanaa's Ministry of Defense belongs to the Houthi-led Supreme Political Council administration (the same attribution State Media Monitor uses for the other Sanaa state media).",https://medialandscapes.org/country/yemen/media/print https://www.26sep.net/,2026-10-04,"rss,telegram_public",telegram:yemseb x:26sepnet facebook:26sepyemen,True
yemen-tv-government,Yemen TV (government),MEDIA,B,YE,yemen,"ar,en",tv,"State broadcaster of the internationally recognised government and the Presidential Leadership Council, one of two rival 'Yemen TV' operations since the 2015 split; classed State-Controlled by State Media Monitor (June 2026).",,No viewership figure exists in the sources reached (State Media Monitor: none published). Weight is institutional.; https://statemediamonitor.com/2026/06/yemen-tv/,"daily State Media Monitor: the PLC version operates an official website and live stream; the site itself could not be fetched (robots.txt timeout), so current output is unconfirmed.",medium Broadcast voice of the recognised government; funded by it with no published accounts (State Media Monitor).,plc_government,State broadcaster (Presidential Leadership Council / Cabinet),unknown,state_aligned,,yemen_coverage=25; indicators=1; reason=no citable audience figure,not assessed,0.9,"State Media Monitor: 'State-Controlled' for 2022-2026, 'the broadcast voice of its controlling authority'. Wikipedia: since January 2015 the channel split into a pro-government faction (Aden and Saudi Arabia) and a pro-Houthi faction (Sanaa); lists yementv.tv as the official website close to the Cabinet.",https://statemediamonitor.com/2026/06/yemen-tv/ https://en.wikipedia.org/wiki/Television_in_Yemen,2026-10-04,rss,,True
al-thawra-sanaa,Al-Thawra (Sanaa),MEDIA,B,YE,yemen,ar,website,"Yemen's historic state daily (founded 1962), controlled by the Houthi authorities in Sanaa since 2014; State Media Monitor (June 2026) classes it State-Controlled. Kept as the Sanaa government's print-origin voice alongside Saba and Al-Masirah.",,"historical_importance=high; Fanack: state-owned daily founded 1962 with an estimated circulation of 60,000 in 2012, under Houthi control since 2014. No current audience figure.; https://fanack.com/yemen/media-in-yemen/; https://statemediamonitor.com/yemen/","daily Yemen-only state daily; State Media Monitor lists it among active state media. The website could not be fetched (TLS hostname mismatch on althawranews.net), so current output is unconfirmed.",medium Official daily of the de facto authorities in Sanaa.,ansar_allah,State daily under Houthi (Supreme Political Council) control,unknown,state_aligned,,yemen_coverage=25; not_scored=['historical_importance']; indicators=1; reason=no citable audience figure,not assessed,0.85,"State Media Monitor lists Al-Thawra as State-Controlled by the Houthi authorities, Sana'a. Fanack: under Houthi control since 2014. Media Landscapes: follows the Houthi political agenda.",https://statemediamonitor.com/yemen/ https://fanack.com/yemen/media-in-yemen/ https://medialandscapes.org/country/yemen/media/print,2026-10-04,,,False
sanaa-center,Sana'a Center for Strategic Studies,THINK_TANK,A,YE,yemen,"en,ar",website,"A Yemen-focused think tank that describes itself as independent (founded 2014): publishes The Yemen Review, policy research and analysis in English and Arabic, with new items on 2026-10-02 (Taiz battle, aid workers) and 2026-09-16.",youtube_subscribers=26000 (2026-10) https://socialblade.com/youtube/handle/sanaacenter,"regional_importance=medium; cited_by_other_media=medium; historical_importance=medium; ACLED lists it as a local data-collection partner and Just Security carries its authors (both seen in search results, not fetched); donors named on its own site include several European governments and the EU. X, Facebook and newsletter reach were not measurable.; https://sanaacenter.org/about-us; https://acleddata.com/research-local-data-collection-partner/sanaa-center-strategic-studies; https://justsecurity.org/author/centersanaa","weekly Homepage lists publications on 2026-10-02 (two items) and 2026-09-16; programmes on political transformation, economy, transitional justice and climate.",none Non-governmental research centre.,none_documented,,none_documented,unknown,47.1,reach=14.1; yemen_coverage=15; regional_importance=8; cited_by_other_media=5; historical_importance=5; indicators=5,not assessed,0.6,"Checked: the centre's own about page (self-described independent; funded by the Netherlands, Germany, UK, Norway, Sweden, Canada, Switzerland, the EU, Open Society Foundations and UN agencies) and the search results listing its funders and partners. No watchdog or academic study assigning it to a Yemeni camp was found. Donor funding is recorded in notes, not treated as regional alignment.",https://sanaacenter.org/about-us,2026-10-04,rss,youtube:sanaacenter x:sanaacenter facebook:sanaacenter instagram:sanaacenterorg tiktok:sanaacenterorg,True
south24,South24 Center for News and Studies,THINK_TANK,A,CH,yemen,"ar,en",website,"News and research centre specialised in southern Yemen, publishing in Arabic and English (latest items on Houthi advances at Bab al-Mandab and conflict maps in 2026); English- and Arabic-language coverage of the southern question, including STC events such as AIC's May 2026 broadcast.",youtube_subscribers=3000 (2026-10) https://socialcounts.org/youtube-live-subscriber-count/UCqnCqHHLQgD70-jiGZ6hT4A,"Search results returned dozens of South24 articles on southern events in 2026 (visibility, not a citation count). No outside citation data found.; https://south24.net/news/news.php?nid=5469",weekly Homepage summary shows items from the past days and weeks; its news section carries STC and Aden events dated 2026-05-04 and 2026-01.,none Non-governmental centre.,unknown,Coverage centres on the southern question and STC events; ownership and funding are not disclosed.,unknown,unknown,19.8,reach=4.8; yemen_coverage=15; indicators=2,not assessed,0.0,"The site footer gives Switzerland as headquarters and an office in Aden, with no funding or affiliation statement. Its coverage (for example 'Mass Rally in Aden Marks STC Founding Anniversary and Backs Al-Zubaidi', 2026-05-04) is sympathetic to the STC, but no watchdog, academic or press source assigning an alignment was found in this run, so the value stays unknown.",https://south24.net/news/news.php?nid=5469,2026-10-04,,youtube:UCqnCqHHLQgD70-jiGZ6hT4A x:south24_net facebook:south24.net instagram:south24center,False
abaad-studies,Abaad Studies and Research Center,RESEARCH_ORGANIZATION,A,YE,yemen,"ar,en",website,"Yemeni research centre (licensed 2010) publishing Arabic and English analysis on the Houthi movement, tribes, the Red Sea and Bab al-Mandab security; output continues through September 2026.",telegram_subscribers=625 (2026-10) https://t.me/s/abaadstudies,Measured reach is small and no outside citations were found in this run; kept for sustained Yemen-only output and a licensed Yemeni research identity. Influence indicators are left unrated.; https://abaadstudies.org/,weekly Website and Telegram carry Yemen-conflict analyses dated September 2026.,none Non-governmental research centre.,unknown,,unknown,unknown,15.0,reach=0.0; yemen_coverage=15; indicators=2,not assessed,0.0,"Own site: non-profit licensed by Yemen's Ministry of Social Affairs (licence 436, 18 October 2010); funding not stated. No outside assessment of its orientation was found.",https://abaadstudies.org/,2026-10-04,telegram_public,telegram:abaadstudies x:abaadstudies facebook:AbaadStudies,True
yemen-presidency-plc,Presidency of the Republic of Yemen / Presidential Leadership Council (office of the chairman),OFFICIAL_GOVERNMENT,B,YE,yemen,"ar,en",website,"Official website of the chairman of the Presidential Leadership Council, the head of state of the internationally recognised government; publishes republican decrees, PLC meetings and presidential statements.",,,"daily Homepage on 2026-10-04 listed items dated 2026-10-04, 2026-09-30 and 2026-09-28 (PLC chairman announcing military operations, National Defence Council statements).",high Issues the decrees that appoint the government (e.g. the February 2026 cabinet decree and the January 2026 decree naming Shaya al-Zindani prime minister). Wikipedia's PLC article lists presidentalalimi.net as the council's website.,plc_government,Office of PLC chairman Rashad al-Alimi,saudi,state_aligned,,yemen_coverage=25; indicators=1; reason=no citable audience figure,not assessed,0.9,"It is the PLC chairman's own official site (self-description ""Official Website President Dr. Rashad Al-Alimi Chairman of the Presidential Leadership Council""). Regional alignment from reporting that describes the PLC government as Saudi-backed (Al-Monitor, Sept 2026); the January 2026 government was formed after consultations in Riyadh (Al Jazeera, Feb 2026).",https://presidentalalimi.net/en/news1583.html https://en.wikipedia.org/wiki/Presidential_Leadership_Council https://www.al-monitor.com/originals/2026/09/yemen-separatists-urge-us-not-let-saudi-arabia-call-shots https://www.aljazeera.com/news/2026/2/6/new-yemen-government-formed-with-shaya-mohsin-al-zindani-as-prime-minister,2026-10-04,,,False
yemen-pmo,"Prime Minister's Office / Council of Ministers, Republic of Yemen (PLC government)",OFFICIAL_GOVERNMENT,B,YE,yemen,ar,website,"Official portal of the prime minister and cabinet of the internationally recognised government (cabinet decisions, statements, press conferences).",,,"daily Homepage on 2026-10-04 carried October 2026 statements on the humanitarian situation, military operations and government meetings.","high Executive head of the PLC government. Prime minister since January 2026 is Shaya Mohsen al-Zindani, who formed a 34-member cabinet on 2026-02-06 and also held the foreign ministry until the July 2026 reshuffle.",plc_government,,saudi,state_aligned,,yemen_coverage=25; indicators=1; reason=no citable audience figure,not assessed,0.9,The government's own portal (self-description). Regional alignment from reporting on the Saudi-backed government formed after consultations in Riyadh.,https://pmo-ye.net/ https://www.aljazeera.com/news/2026/2/6/new-yemen-government-formed-with-shaya-mohsin-al-zindani-as-prime-minister https://www.al-monitor.com/originals/2026/09/yemen-separatists-urge-us-not-let-saudi-arabia-call-shots,2026-10-04,,x:Yemen_PM facebook:YemenPM youtube:UCvl55RnNu0L4S80dgEZcrKQ,False
yemen-mofa,"Ministry of Foreign Affairs and Expatriates, Republic of Yemen (PLC government)",OFFICIAL_GOVERNMENT,B,YE,yemen,"ar,en",website,"Foreign ministry of the internationally recognised government; publishes the government's diplomatic positions, statements on UN processes and Red Sea and Houthi issues, in Arabic and English.",,,daily Bilingual news section with dated pages (e.g. 2026-01-16 item on the decree appointing a new prime minister).,"high Official diplomatic voice of the recognised state. Minister since the July 2026 reshuffle is Dr. Afrah Abdulaziz al-Zuba, the first woman in the post (Al-Quds Al-Arabi, Al Jazeera, 2026-07-23/24).",plc_government,,saudi,state_aligned,,yemen_coverage=25; indicators=1; reason=no citable audience figure,not assessed,0.9,The ministry's own website (self-description). Regional alignment from reporting on the Saudi-backed PLC government.,https://www.mofa-ye.org/Pages/36202/ https://www.alquds.co.uk/اليمن-تعديل-وزاري-يشمل-3-وزارات-بينها-ا/ https://www.al-monitor.com/originals/2026/09/yemen-separatists-urge-us-not-let-saudi-arabia-call-shots,2026-10-04,,x:yemen_mofa facebook:YemMOFA youtube:Yemenmofa,False
yemen-cby-aden,Central Bank of Yemen (Aden headquarters),OFFICIAL_GOVERNMENT,B,YE,yemen,"ar,en",website,"Central bank of the internationally recognised government (Aden headquarters); its circulars, licence suspensions and exchange-rate measures are a core source on the Yemeni economic and banking split.",,,"weekly Homepage on 2026-10-04 listed Decision No. 18 (2026-09-24) suspending exchange-company licences, Decision No. 17, the National Import Regulation Committee's seventh meeting and the governor's meetings with banks and UNDP.","high Monetary authority recognised internationally; the bank has been split since 2016 between CBY-Aden and CBY-Sanaa (Wikipedia), and decisions of each side drive the banking conflict.",plc_government,,none_documented,state_aligned,,yemen_coverage=15; indicators=1; reason=no citable audience figure,not assessed,0.85,"The bank's own site; Wikipedia describes the bifurcation into CBY-Aden (recognised government) and CBY-Sanaa. regional_alignment none_documented - checked the bank's site and Wikipedia; no source documents the bank itself as aligned with a foreign state (it receives Saudi deposits, but that is support, not documented alignment of its output).",https://www.cby-ye.com/ https://en.wikipedia.org/wiki/Central_Bank_of_Yemen,2026-10-04,telegram_public,x:cby_hq telegram:cby_hq facebook:cby.hq youtube:@CBY_HQ,True
hocc-sanaa,"Humanitarian Operations Coordination Center (HOCC), Sanaa authorities",OFFICIAL_GOVERNMENT,B,YE,yemen,"en,ar",website,"Body of the Ansar Allah-led authorities in Sanaa that issues the Red Sea and Gulf of Aden shipping bans, sanctions lists, press releases and notices to shipowners; widely reported by maritime and wire media.",,,"monthly Press releases and ""recent events"" pages dated 2026-09-15, 2026-08-07 and 2026-08-01 (Press Release No. 001/2026); Reuters-sourced report of a 2026-07-20 HOCC email telling shipping companies to avoid Saudi ports.","high The Sanaa authorities' official channel to the shipping industry on Red Sea attacks and bans. Its Arabic site says it was created by Supreme Political Council Decision No. 95 (17 February 2024), sits under the Office of the Supreme Commander of the Armed Forces and is headquartered in Sanaa.",ansar_allah,De facto authorities in Sanaa (Supreme Political Council); not the internationally recognised government,iran_axis,movement_aligned,,yemen_coverage=8; indicators=1; reason=no citable audience figure,not assessed,0.9,Created by the Sanaa Supreme Political Council and attached to the Sanaa armed forces command (its own Arabic site); Reuters/Korea Times and Maritime Executive describe it as a Houthi body. Regional alignment from Al Jazeera reporting on the Houthis as Iran's ally.,https://ar.hocc.gov.ye/ https://www.koreatimes.co.kr/world/20260721/houthis-warn-shipping-companies-to-avoid-saudi-ports-email-shows https://maritime-executive.com/article/houthis-publish-a-safety-faq-for-red-sea-shipping https://www.aljazeera.com/news/2025/6/20/yemen-houthis-mull-over-help-ally-iran-israel,2026-10-04,,,False
sanaa-mofa,"Ministry of Foreign Affairs and Expatriates, Sanaa authorities",OFFICIAL_GOVERNMENT,B,YE,yemen,ar,website,"Foreign ministry of the Ansar Allah-led Sanaa authorities; issues their diplomatic positions (e.g. on Red Sea navigation, the UN process and Saudi Arabia), which HOCC and Saba Sanaa relay.",,,weekly HOCC republished a Sanaa foreign ministry statement on Bab al-Mandab navigation dated 2026-09-15.,"medium Diplomatic voice of the de facto authorities, recognised only by Iran (Wikipedia, SPC article). Its minister Jamal Amer was killed in the Israeli strike of 2025-08-28 (Al Jazeera Arabic); the successor was not verified.",ansar_allah,De facto authorities in Sanaa (Supreme Political Council government); not the internationally recognised government,iran_axis,movement_aligned,,yemen_coverage=15; indicators=1; reason=no citable audience figure,not assessed,0.85,Wikipedia's article on the ministry lists mofa.gov.ye as the website of the SPC (Sanaa) side and mofa-ye.org as the PLC side. The SPC is the Ansar Allah-led authority. Regional alignment from Al Jazeera reporting on the Houthis as Iran's ally.,https://en.wikipedia.org/wiki/Ministry_of_Foreign_Affairs_and_Expatriates_(Yemen) https://en.wikipedia.org/wiki/Supreme_Political_Council https://www.aljazeera.com/news/2025/6/20/yemen-houthis-mull-over-help-ally-iran-israel,2026-10-04,,,False
stc-official,"Southern Transitional Council (renamed Southern Arab Transitional Council, 2026), official site",POLITICAL_ORGANIZATION,B,YE,yemen,"ar,en",website,"Official platform of the main southern separatist organisation; publishes statements of its presidency, General Secretariat and local bodies, which remain central to the southern question despite the disputed January 2026 dissolution.",,,"daily Homepage on 2026-10-04 carried a statement of an expanded extraordinary meeting of central and local bodies, a ""presidential"" message to southern forces and the emblem of a 14 October 2026 mobilisation event.","high 2026 status, as the sources describe it: after the Saudi-backed campaign in Hadramawt and al-Mahra and the PLC takeover of Aden (2026-01-07), STC members in Riyadh led by secretary-general Ahmed Saeed bin Brik announced the council's dissolution on 2026-01-09 (Anadolu, Al Jazeera). The UAE-based spokesman Anwar al-Tamimi and members abroad rejected it as made under pressure and said the STC remained operational (Wikipedia). Chairman Aidarus al-Zubaidi left Aden on 2026-01-07 for Somaliland and then the UAE (Wikipedia) and was dismissed from the PLC. The council renamed itself the Southern Arab Transitional Council around April-May 2026 (Erem News), held a mass rally in Aden on 2026-05-04 (South24), and in September 2026 its foreign-affairs representative Amr al-Bidh spoke from Abu Dhabi, calling the dissolution coerced (Al-Monitor). It therefore operates as a contested, partly exiled organisation with activity still visible in Aden.",stc,"Faction that rejected the January 2026 dissolution (al-Zubaidi, al-Tamimi, al-Bidh); not the Riyadh-based members who announced it",uae,movement_aligned,,yemen_coverage=25; indicators=1; reason=no citable audience figure,not assessed,0.85,"The site presents itself as the council's official platform. Wikipedia (2026 in Yemen) calls the STC UAE-backed; its spokesman and foreign-affairs representative operate from the UAE (Wikipedia; Al-Monitor, 2026-09-17).",https://stcaden.com/ https://en.wikipedia.org/wiki/2026_in_Yemen https://en.wikipedia.org/wiki/Southern_Transitional_Council https://www.al-monitor.com/originals/2026/09/yemen-separatists-urge-us-not-let-saudi-arabia-call-shots,2026-10-04,"rss,telegram_public",x:STCSouthArabia facebook:STCSouthArabia telegram:STCSouthArabia,True
alislah-net,"Yemeni Congregation for Reform (Islah), official party website",POLITICAL_ORGANIZATION,B,YE,yemen,ar,website,"Official website of Islah, the largest party in the anti-Houthi camp and a pillar of the PLC government; publishes the party's statements and positions of its branches.",,,"daily Homepage on 2026-10-04 carried items on the PLC's announcement of military operations, the Taiz branch's call for mobilisation and the al-Mahra branch's statement.",high Holds 44 of 301 parliamentary seats and backs the internationally recognised government (Wikipedia); one of the main political forces in Marib and Taiz.,islah,,saudi,movement_aligned,,yemen_coverage=25; indicators=1; reason=no citable audience figure,not assessed,0.85,"The party's own website (self-description; Wikipedia lists alislah-ye.net as the official site). Regional alignment from Wikipedia, which documents the party's support for the Saudi-led coalition side and Saudi financial support to Islah institutions; links to Qatar and Turkey are often alleged but were not checked here.",https://alislah-ye.net/ https://en.wikipedia.org/wiki/Al-Islah_(Yemen),2026-10-04,,x:Islahyem facebook:Islahyem youtube:Islahyem,False
al-eshteraki-net,"Yemeni Socialist Party (Al-Eshteraki Net, party platform)",POLITICAL_ORGANIZATION,B,YE,yemen,ar,website,"Platform of the Yemeni Socialist Party, the historic ruling party of South Yemen and a member of the anti-Houthi party alliance; publishes party statements and political-bureau positions.",,,"weekly Homepage dated 2026-10-04 with 2026 headlines; old-registry check (2026-10-02) found its RSS modules stale, so frequency is a cautious estimate.","medium Smaller in parliament than Islah or the GPC, but a long-standing national party with ministers in post-Riyadh Agreement cabinets; its leadership backs the internationally recognised government (Wikipedia).",plc_government,Yemeni Socialist Party (leadership of secretary-general Abdulrahman al-Saqqaf); a pro-Houthi splinter exists,none_documented,movement_aligned,,yemen_coverage=15; indicators=1; reason=no citable audience figure,not assessed,0.7,"The site presents itself as the YSP's platform (old registry; homepage). Wikipedia says the al-Saqqaf-led party backs the internationally recognised government and received two ministers after the Riyadh Agreement, while a splinter (""YSP - Anti-Aggression"") supports the Houthis. regional_alignment none_documented - Wikipedia and the site checked; no documented foreign-state alignment.",https://www.aleshteraki.net/ https://en.wikipedia.org/wiki/Yemeni_Socialist_Party,2026-10-04,rss,x:aleshteraki youtube:UCXaVL8G6Q5dWiHN3y5WsaFg,True
al-wahdawi-net,"Nasserist Unionist People's Organisation (Al-Wahdawi Net, party website)",POLITICAL_ORGANIZATION,B,YE,yemen,ar,website,"Website of the Nasserist Unionist People's Organisation, one of the anti-Houthi parties of the pro-government alliance, strong in Taiz; carries party statements and Yemen news daily.",,,"daily Homepage in October 2026 carried items on the government's military operations, PM al-Zindani and Red Sea incidents; old-registry RSS had 50 items with newest 2026-10-02.",medium A small parliamentary party (3 seats in 2003) but part of the pro-government party coalition and a voice of Taiz politics; Wikipedia gives alwahdawi.net as the party website.,plc_government,Nasserist Unionist People's Organisation,none_documented,movement_aligned,,yemen_coverage=25; indicators=1; reason=no citable audience figure,not assessed,0.7,"Wikipedia lists www.alwahdawi.net as the party's website and says the party opposed the Houthi takeover from the beginning, on the internationally recognised government's side; the site's About page says it is issued by the organisation (old registry). regional_alignment none_documented - Wikipedia and the site checked.",https://en.wikipedia.org/wiki/Nasserist_Unionist_People%27s_Organisation https://alwahdawi.net/,2026-10-04,telegram_public,x:alwahdawi2004 facebook:alwahdawi.net telegram:alwahdawinet2004,True
yemen-mopic,"Ministry of Planning and International Cooperation, Republic of Yemen (PLC government)",OFFICIAL_GOVERNMENT,B,YE,yemen,ar,website,"The government ministry that coordinates international aid, donor relations and development planning; its statements on humanitarian response, donor meetings and economic recovery are the government's voice on aid and the economy.",,,"weekly Homepage on 2026-10-04 listed items dated 2026-10-04 (minister with UNICEF), 2026-10-01 (humanitarian response with a UN official) and 2026-09-29 (economic resilience project committee in Amman).","medium Counterpart of UN agencies and donors for the recognised government. Linked from the Prime Minister's Office portal (pmo-ye.net, which links mopic-yemen.org, redirecting to mopicyemen.org). Minister since the July 2026 reshuffle is Badr Muhammad Mubarak Baslama (Al-Quds Al-Arabi); his predecessor Afrah al-Zuba became foreign minister.",plc_government,,none_documented,state_aligned,,yemen_coverage=15; indicators=1; reason=no citable audience figure,not assessed,0.85,"The ministry's own website, linked from the PLC government's prime-minister portal. regional_alignment none_documented - only the ministry's site and the PMO portal were checked; no source documents a foreign-state alignment of this ministry's output specifically.",https://mopicyemen.org/ https://pmo-ye.net/,2026-10-04,rss,x:mopic_yemen facebook:MopicYemen,True
